CustomerID,RFMCode,SegmentName
16738,121,At Risk
16454,311,Others
14792,311,Others
17956,121,At Risk
16878,211,Others
13307,211,Others
17763,121,At Risk
16093,211,Others
17986,311,Others
16953,411,Others
16257,211,Others
18268,211,Others
17102,121,At Risk
15657,411,Others
13120,121,At Risk
17408,211,Others
16765,121,At Risk
15744,211,Others
16856,411,Others
17831,311,Others
14576,121,At Risk
15940,121,At Risk
17816,341,Loyal Customer
16162,121,At Risk
12855,121,At Risk
18019,311,Others
16659,121,At Risk
12977,211,Others
14589,121,At Risk
15178,121,At Risk
15992,511,New Customer
14300,411,Others
15423,311,Others
14080,411,Others
15603,211,Others
14821,121,At Risk
18184,411,Others
13011,121,At Risk
14351,211,Others
17844,211,Others
15313,211,Others
14682,121,At Risk
14865,531,New Customer
13832,411,Others
15504,211,Others
16349,121,At Risk
13366,311,Others
15899,121,At Risk
17775,121,At Risk
13080,121,At Risk
14957,121,At Risk
13682,121,At Risk
13391,121,At Risk
17174,121,At Risk
13194,211,Others
15516,331,Others
13218,211,Others
14840,121,At Risk
14437,121,At Risk
12665,121,At Risk
17263,121,At Risk
13302,211,Others
13130,211,Others
13684,121,At Risk
17382,311,Others
14393,121,At Risk
15863,431,Others
18037,251,Loyal Customer
17022,411,Others
17747,211,Others
13185,121,At Risk
13938,311,Others
13686,121,At Risk
17906,121,At Risk
16171,311,Others
12506,121,At Risk
18032,121,At Risk
17960,211,Others
13095,311,Others
18050,121,At Risk
16468,211,Others
13403,411,Others
16610,121,At Risk
17628,211,Others
17995,121,At Risk
16148,121,At Risk
14090,121,At Risk
18113,121,At Risk
15668,121,At Risk
17536,211,Others
13106,211,Others
14373,121,At Risk
13992,411,Others
13132,121,At Risk
14785,531,New Customer
17942,511,New Customer
13651,311,Others
15753,121,At Risk
16078,121,At Risk
13747,121,At Risk
17752,121,At Risk
13967,211,Others
16789,511,New Customer
18281,121,At Risk
17620,311,Others
13006,311,Others
17309,211,Others
12401,121,At Risk
13666,341,Loyal Customer
13841,121,At Risk
15729,121,At Risk
15541,211,Others
13296,211,Others
15180,121,At Risk
15083,121,At Risk
12353,121,At Risk
14436,211,Others
12686,121,At Risk
14760,121,At Risk
14219,511,New Customer
14974,311,Others
14117,211,Others
16597,511,New Customer
15552,121,At Risk
16506,431,Others
18084,411,Others
13947,311,Others
14353,121,At Risk
15488,211,Others
12659,411,Others
13160,411,Others
13551,121,At Risk
12789,311,Others
14054,311,Others
12821,121,At Risk
17991,121,At Risk
13283,331,Others
18227,121,At Risk
15428,411,Others
18033,311,Others
15397,121,At Risk
16339,121,At Risk
16387,121,At Risk
12548,211,Others
18249,411,Others
17895,311,Others
17024,331,Others
14642,311,Others
15216,211,Others
17325,121,At Risk
12984,411,Others
15422,121,At Risk
17349,211,Others
17538,411,Others
15256,211,Others
17939,211,Others
13703,121,At Risk
14371,121,At Risk
17427,311,Others
14946,411,Others
16498,221,Others
16344,211,Others
13101,121,At Risk
18086,121,At Risk
16006,121,At Risk
17643,121,At Risk
18068,121,At Risk
16516,411,Others
15212,121,At Risk
13948,121,At Risk
14981,121,At Risk
17962,211,Others
14836,531,New Customer
18011,121,At Risk
14542,121,At Risk
17548,121,At Risk
18255,211,Others
18174,511,New Customer
15958,211,Others
15607,121,At Risk
14027,311,Others
15775,121,At Risk
16581,121,At Risk
17791,411,Others
15070,121,At Risk
15168,411,Others
16757,121,At Risk
17893,121,At Risk
15395,121,At Risk
16784,411,Others
17274,311,Others
14661,411,Others
15935,121,At Risk
12956,121,At Risk
13226,121,At Risk
16106,311,Others
17639,121,At Risk
13170,411,Others
14345,311,Others
14699,121,At Risk
16363,311,Others
13133,121,At Risk
17836,311,Others
17746,121,At Risk
18277,311,Others
17901,411,Others
16792,121,At Risk
12734,121,At Risk
14641,411,Others
16963,121,At Risk
17957,311,Others
15853,311,Others
15537,211,Others
13144,121,At Risk
13508,121,At Risk
18120,121,At Risk
17887,211,Others
12756,211,Others
13193,311,Others
17900,121,At Risk
17967,121,At Risk
14271,121,At Risk
17038,411,Others
15610,311,Others
18129,121,At Risk
13807,121,At Risk
13161,121,At Risk
16697,121,At Risk
14689,121,At Risk
15280,211,Others
16913,121,At Risk
18105,311,Others
17217,121,At Risk
15445,121,At Risk
14457,121,At Risk
12651,121,At Risk
14582,311,Others
12938,411,Others
14652,211,Others
17219,411,Others
17852,531,New Customer
14632,121,At Risk
16247,211,Others
13188,511,New Customer
14972,211,Others
18027,211,Others
13067,211,Others
15350,121,At Risk
14143,211,Others
17601,121,At Risk
17117,121,At Risk
13877,211,Others
16959,211,Others
17654,121,At Risk
12929,121,At Risk
13581,121,At Risk
14076,211,Others
14155,121,At Risk
17079,211,Others
15843,121,At Risk
16666,411,Others
15266,121,At Risk
16542,311,Others
14453,121,At Risk
14314,211,Others
14259,211,Others
18015,511,New Customer
14165,121,At Risk
17446,221,Others
13002,121,At Risk
15512,221,Others
14413,121,At Risk
15049,121,At Risk
13182,311,Others
13244,211,Others
18018,231,Others
16073,121,At Risk
13638,411,Others
13876,311,Others
13519,211,Others
15917,121,At Risk
16658,121,At Risk
14495,331,Others
16569,511,New Customer
16849,121,At Risk
17148,311,Others
12531,411,Others
15017,311,Others
14890,121,At Risk
14861,311,Others
13522,411,Others
12814,211,Others
16988,511,New Customer
15463,411,Others
16414,431,Others
14962,121,At Risk
15923,121,At Risk
15578,211,Others
13781,121,At Risk
17359,511,New Customer
15543,121,At Risk
17297,411,Others
16828,231,Others
15276,311,Others
16623,121,At Risk
16611,121,At Risk
16679,121,At Risk
15844,311,Others
14795,211,Others
17455,121,At Risk
12851,211,Others
14438,121,At Risk
17785,311,Others
12512,331,Others
17647,311,Others
15709,121,At Risk
17881,121,At Risk
12445,411,Others
14349,511,New Customer
16424,121,At Risk
14280,121,At Risk
12837,211,Others
14174,311,Others
15562,121,At Risk
14340,121,At Risk
16055,121,At Risk
13364,311,Others
17972,121,At Risk
16665,121,At Risk
15174,121,At Risk
16114,211,Others
15419,411,Others
14889,121,At Risk
15042,121,At Risk
12968,211,Others
16412,311,Others
16462,241,Loyal Customer
14247,121,At Risk
15691,121,At Risk
17468,531,New Customer
14483,121,At Risk
15836,311,Others
17709,211,Others
13279,211,Others
16050,211,Others
15663,211,Others
13716,121,At Risk
17122,211,Others
14581,411,Others
12902,121,At Risk
13273,211,Others
15135,121,At Risk
18209,411,Others
14772,211,Others
16483,121,At Risk
17718,121,At Risk
14494,411,Others
13483,311,Others
15388,121,At Risk
15503,121,At Risk
14041,121,At Risk
13561,121,At Risk
17859,121,At Risk
13584,121,At Risk
14386,121,At Risk
13299,121,At Risk
16287,211,Others
16461,221,Others
15705,121,At Risk
17578,121,At Risk
12587,511,New Customer
17186,331,Others
14109,211,Others
15748,311,Others
12974,121,At Risk
16852,531,New Customer
17524,121,At Risk
16598,121,At Risk
15937,311,Others
13866,211,Others
17935,221,Others
12565,121,At Risk
16893,121,At Risk
14238,121,At Risk
17030,311,Others
12864,211,Others
14037,221,Others
14098,311,Others
14968,411,Others
15526,331,Others
17549,431,Others
13003,241,Loyal Customer
15435,411,Others
18262,211,Others
17946,121,At Risk
15869,121,At Risk
17234,121,At Risk
16932,311,Others
15717,121,At Risk
18200,211,Others
14204,511,New Customer
14073,411,Others
16337,311,Others
13697,311,Others
17286,411,Others
14362,411,Others
13462,121,At Risk
14046,121,At Risk
14208,211,Others
16617,121,At Risk
17898,231,Others
14039,311,Others
13514,211,Others
17707,121,At Risk
14066,121,At Risk
18138,121,At Risk
17984,211,Others
14813,121,At Risk
16248,311,Others
16720,411,Others
17714,121,At Risk
12602,311,Others
16351,121,At Risk
17517,121,At Risk
16921,311,Others
18014,411,Others
16406,411,Others
15226,121,At Risk
17899,211,Others
17026,121,At Risk
15740,311,Others
17698,121,At Risk
14368,121,At Risk
13809,121,At Risk
15447,121,At Risk
12738,121,At Risk
17832,311,Others
17871,121,At Risk
13898,121,At Risk
17885,511,New Customer
15263,211,Others
15438,211,Others
14406,211,Others
15988,411,Others
15007,211,Others
17118,121,At Risk
14585,311,Others
17128,121,At Risk
14148,121,At Risk
17344,311,Others
14799,311,Others
17556,121,At Risk
18004,121,At Risk
15348,211,Others
15160,121,At Risk
17165,121,At Risk
14089,311,Others
15167,121,At Risk
13937,211,Others
18224,121,At Risk
16213,211,Others
13420,221,Others
13598,311,Others
12966,511,New Customer
14714,411,Others
18146,221,Others
18203,211,Others
12573,121,At Risk
15852,121,At Risk
13229,121,At Risk
14237,121,At Risk
16113,121,At Risk
15458,411,Others
17600,411,Others
15325,211,Others
15733,121,At Risk
15888,211,Others
16517,121,At Risk
12920,411,Others
14485,311,Others
13223,121,At Risk
17301,411,Others
17110,211,Others
15920,241,Loyal Customer
14354,531,New Customer
14552,211,Others
13603,411,Others
17535,121,At Risk
15904,511,New Customer
15316,121,At Risk
13470,231,Others
18042,311,Others
17561,411,Others
18088,311,Others
12817,121,At Risk
17650,411,Others
14295,311,Others
16405,121,At Risk
17367,121,At Risk
16952,231,Others
12551,121,At Risk
15374,211,Others
15986,411,Others
17737,531,New Customer
16282,121,At Risk
18099,211,Others
18269,121,At Risk
14578,511,New Customer
12367,511,New Customer
14218,311,Others
13962,431,Others
15016,211,Others
18058,511,New Customer
15335,311,Others
14860,411,Others
17542,121,At Risk
14536,121,At Risk
15432,411,Others
13560,511,New Customer
17245,121,At Risk
12923,311,Others
16773,311,Others
12442,511,New Customer
13690,311,Others
13922,121,At Risk
18048,121,At Risk
14693,121,At Risk
15670,121,At Risk
15565,331,Others
17772,531,New Customer
12441,121,At Risk
16565,121,At Risk
14798,341,Loyal Customer
16861,331,Others
18278,211,Others
14518,311,Others
14355,121,At Risk
18010,121,At Risk
16144,121,At Risk
17331,211,Others
17582,121,At Risk
18274,411,Others
12509,121,At Risk
12893,411,Others
14287,531,New Customer
17947,311,Others
13072,121,At Risk
12618,411,Others
13618,211,Others
16403,121,At Risk
18282,531,New Customer
17356,121,At Risk
17253,411,Others
18045,311,Others
15292,121,At Risk
17879,211,Others
13778,211,Others
17660,211,Others
15262,121,At Risk
15139,121,At Risk
16620,531,New Customer
14705,121,At Risk
16990,121,At Risk
15454,121,At Risk
15895,211,Others
18147,331,Others
15041,211,Others
14666,411,Others
12622,121,At Risk
14722,211,Others
13710,411,Others
18280,121,At Risk
18119,121,At Risk
16835,231,Others
15945,121,At Risk
17904,411,Others
15886,311,Others
16594,211,Others
14082,121,At Risk
16448,121,At Risk
14966,411,Others
13059,121,At Risk
13460,431,Others
14059,121,At Risk
16680,311,Others
16914,311,Others
14326,121,At Risk
15124,431,Others
16433,411,Others
17680,411,Others
17928,331,Others
13482,121,At Risk
16097,121,At Risk
14199,121,At Risk
17574,121,At Risk
12641,211,Others
15567,411,Others
14551,431,Others
13672,121,At Risk
17440,241,Loyal Customer
13568,211,Others
18013,221,Others
17279,311,Others
17781,221,Others
14830,311,Others
14697,121,At Risk
14801,311,Others
13663,121,At Risk
13826,211,Others
12361,121,At Risk
13972,331,Others
15412,211,Others
13033,121,At Risk
15723,121,At Risk
17233,311,Others
15692,411,Others
14087,511,New Customer
15909,211,Others
14100,211,Others
17608,331,Others
16965,121,At Risk
16887,311,Others
14768,431,Others
12791,121,At Risk
12522,331,Others
14476,121,At Risk
17383,511,New Customer
14806,211,Others
16847,311,Others
15198,231,Others
17343,121,At Risk
15683,211,Others
17475,211,Others
15612,331,Others
17010,411,Others
13792,331,Others
16112,241,Loyal Customer
13978,431,Others
15746,211,Others
13436,511,New Customer
12586,411,Others
15234,121,At Risk
16829,211,Others
13349,511,New Customer
14789,411,Others
14185,121,At Risk
12581,311,Others
17843,121,At Risk
12450,221,Others
16178,211,Others
17987,121,At Risk
18126,311,Others
18110,411,Others
16832,141,Loyal Customer
13322,411,Others
15593,311,Others
13723,121,At Risk
14782,121,At Risk
13980,311,Others
15437,121,At Risk
16415,311,Others
13262,121,At Risk
17693,211,Others
17988,551,Loyal Customer
13859,121,At Risk
13284,121,At Risk
13295,121,At Risk
17889,121,At Risk
15347,121,At Risk
13428,511,New Customer
14385,531,New Customer
16895,311,Others
14984,431,Others
18169,311,Others
14381,311,Others
17376,331,Others
17891,211,Others
17394,121,At Risk
17187,121,At Risk
13017,511,New Customer
18273,531,New Customer
17206,311,Others
15319,121,At Risk
13513,211,Others
15758,411,Others
15307,211,Others
17670,121,At Risk
13065,121,At Risk
14964,121,At Risk
17166,331,Others
15820,121,At Risk
15925,121,At Risk
13099,211,Others
16323,121,At Risk
17923,121,At Risk
16752,121,At Risk
15052,121,At Risk
16866,241,Loyal Customer
12547,121,At Risk
18191,121,At Risk
16457,121,At Risk
15897,121,At Risk
17514,211,Others
15327,311,Others
17855,121,At Risk
13828,411,Others
13532,311,Others
12995,211,Others
13271,311,Others
15703,121,At Risk
16411,431,Others
16356,141,Loyal Customer
16017,311,Others
15866,211,Others
17580,141,Loyal Customer
16519,431,Others
15540,511,New Customer
16591,311,Others
13411,211,Others
14241,121,At Risk
17153,411,Others
13621,211,Others
14601,511,New Customer
16647,221,Others
15460,121,At Risk
16846,311,Others
17619,121,At Risk
16338,211,Others
12588,311,Others
12831,121,At Risk
16190,311,Others
16189,431,Others
16179,311,Others
18212,121,At Risk
13858,311,Others
14104,221,Others
17436,531,New Customer
15604,311,Others
12897,121,At Risk
13503,311,Others
13739,411,Others
16080,231,Others
15554,121,At Risk
14570,121,At Risk
16392,121,At Risk
16634,121,At Risk
15724,121,At Risk
12574,121,At Risk
13669,331,Others
15790,511,New Customer
12702,411,Others
15096,311,Others
13600,121,At Risk
18114,121,At Risk
13079,541,Loyal Customer
16482,411,Others
13419,311,Others
14960,531,New Customer
14598,311,Others
18101,531,New Customer
16777,231,Others
13382,121,At Risk
15637,311,Others
17534,311,Others
13926,411,Others
14929,311,Others
16753,311,Others
16471,121,At Risk
15175,311,Others
17171,121,At Risk
14357,311,Others
16587,121,At Risk
15483,241,Loyal Customer
14052,411,Others
16690,231,Others
12402,121,At Risk
14624,331,Others
12672,121,At Risk
17789,121,At Risk
16619,121,At Risk
16315,121,At Risk
17860,121,At Risk
18005,531,New Customer
17572,341,Loyal Customer
17194,121,At Risk
13474,121,At Risk
17212,121,At Risk
14569,511,New Customer
16527,211,Others
17969,221,Others
13070,121,At Risk
13712,121,At Risk
13146,411,Others
17347,211,Others
14793,411,Others
15528,121,At Risk
13008,121,At Risk
12812,311,Others
13960,431,Others
16926,121,At Risk
13786,121,At Risk
17125,311,Others
16445,311,Others
18030,531,New Customer
16641,211,Others
17111,311,Others
15393,431,Others
14995,331,Others
17908,121,At Risk
16117,121,At Risk
18213,121,At Risk
13678,211,Others
16302,211,Others
16583,121,At Risk
13348,311,Others
12736,121,At Risk
16961,211,Others
17060,121,At Risk
14473,231,Others
15462,241,Loyal Customer
15850,431,Others
14375,121,At Risk
13187,121,At Risk
14647,121,At Risk
16026,311,Others
12732,121,At Risk
15457,121,At Risk
14586,121,At Risk
17877,211,Others
12718,211,Others
12561,121,At Risk
16756,121,At Risk
17684,311,Others
13570,121,At Risk
15690,531,New Customer
17181,331,Others
17256,231,Others
13565,431,Others
15286,311,Others
15598,311,Others
17051,121,At Risk
16427,121,At Risk
14523,211,Others
16601,311,Others
15776,211,Others
16215,211,Others
17339,231,Others
15634,411,Others
13886,311,Others
18193,211,Others
16793,311,Others
13103,311,Others
17925,121,At Risk
17892,341,Loyal Customer
16528,511,New Customer
15118,211,Others
12660,511,New Customer
17771,331,Others
16024,511,New Customer
16778,231,Others
17278,121,At Risk
15783,511,New Customer
14658,531,New Customer
18009,121,At Risk
18072,121,At Risk
13592,341,Loyal Customer
15097,511,New Customer
16510,122,At Risk
13061,212,Others
16124,122,At Risk
17456,122,At Risk
15510,122,At Risk
17303,122,At Risk
16596,432,Others
13207,432,Others
14501,122,At Risk
13512,122,At Risk
16976,122,At Risk
17155,432,Others
16836,332,Others
16330,432,Others
13711,122,At Risk
13645,212,Others
15346,122,At Risk
13404,532,New Customer
15035,212,Others
15019,122,At Risk
15759,142,Loyal Customer
12797,122,At Risk
15689,232,Others
14765,432,Others
12604,232,Others
15154,212,Others
15261,212,Others
16226,142,Loyal Customer
14881,412,Others
15277,312,Others
14761,332,Others
16447,212,Others
17385,412,Others
17896,412,Others
16727,122,At Risk
13806,312,Others
12430,312,Others
16048,122,At Risk
13626,122,At Risk
15894,122,At Risk
15014,332,Others
13227,122,At Risk
13369,122,At Risk
13277,442,Loyal Customer
15577,242,Loyal Customer
14452,532,New Customer
13127,212,Others
15143,122,At Risk
14053,232,Others
13189,432,Others
16936,412,Others
16413,312,Others
12492,332,Others
17708,122,At Risk
17403,312,Others
15912,222,Others
13973,122,At Risk
17968,122,At Risk
14423,122,At Risk
17430,332,Others
14068,122,At Risk
12962,532,New Customer
15119,122,At Risk
13837,122,At Risk
14863,412,Others
17786,232,Others
16451,212,Others
15517,122,At Risk
15320,312,Others
17550,142,Loyal Customer
15408,122,At Risk
14508,432,Others
14727,122,At Risk
13533,142,Loyal Customer
17251,122,At Risk
12558,512,New Customer
13242,242,Loyal Customer
14520,532,New Customer
15774,312,Others
17011,412,Others
18108,122,At Risk
17496,122,At Risk
17254,532,New Customer
17767,412,Others
13058,432,Others
14816,122,At Risk
13917,332,Others
14819,332,Others
17498,212,Others
16883,122,At Risk
16313,532,New Customer
14512,122,At Risk
12750,212,Others
13544,332,Others
13272,432,Others
13606,432,Others
15355,432,Others
13803,122,At Risk
14908,212,Others
14764,312,Others
14480,512,New Customer
15556,412,Others
14975,312,Others
17247,412,Others
16149,532,New Customer
14242,122,At Risk
16848,312,Others
16557,432,Others
13177,312,Others
13754,222,Others
14350,122,At Risk
17694,212,Others
18270,332,Others
13259,312,Others
13708,122,At Risk
17783,232,Others
12703,312,Others
13439,122,At Risk
13121,122,At Risk
18190,122,At Risk
16429,212,Others
17636,412,Others
14953,412,Others
14660,232,Others
16555,332,Others
13760,332,Others
16432,312,Others
17760,432,Others
17080,432,Others
17977,412,Others
15396,212,Others
16808,232,Others
17501,122,At Risk
17081,432,Others
15545,332,Others
14549,122,At Risk
16125,122,At Risk
14162,222,Others
16897,122,At Risk
17201,312,Others
17464,212,Others
14784,432,Others
13573,332,Others
17551,122,At Risk
16526,212,Others
17691,122,At Risk
15279,122,At Risk
16648,312,Others
14947,232,Others
14656,222,Others
13347,312,Others
17255,332,Others
13449,412,Others
13502,432,Others
14985,122,At Risk
16721,122,At Risk
12829,122,At Risk
15060,542,Loyal Customer
17163,432,Others
16402,122,At Risk
15732,122,At Risk
17124,122,At Risk
14954,512,New Customer
16998,242,Loyal Customer
13504,312,Others
13751,122,At Risk
17266,532,New Customer
13441,212,Others
17531,122,At Risk
15857,412,Others
12881,122,At Risk
17678,122,At Risk
16104,312,Others
17824,312,Others
15609,122,At Risk
13667,212,Others
18215,212,Others
18053,312,Others
13745,212,Others
17793,412,Others
15254,212,Others
13304,122,At Risk
14762,122,At Risk
16479,532,New Customer
16430,312,Others
17978,122,At Risk
13479,122,At Risk
15623,212,Others
15148,512,New Customer
15667,312,Others
16715,212,Others
16297,122,At Risk
17094,122,At Risk
15054,532,New Customer
17506,212,Others
16292,212,Others
18165,222,Others
16386,432,Others
14248,122,At Risk
16425,122,At Risk
17433,212,Others
13343,212,Others
13083,532,New Customer
16400,212,Others
17732,122,At Risk
16674,332,Others
17070,212,Others
18185,122,At Risk
16217,122,At Risk
15163,432,Others
17941,212,Others
12623,122,At Risk
13045,212,Others
18220,122,At Risk
16181,212,Others
16796,212,Others
15219,212,Others
13863,122,At Risk
17176,122,At Risk
15659,312,Others
18059,432,Others
13718,122,At Risk
13762,122,At Risk
16668,452,Loyal Customer
15087,122,At Risk
17334,122,At Risk
13142,412,Others
13932,122,At Risk
17120,122,At Risk
14915,232,Others
14716,332,Others
13060,122,At Risk
13395,122,At Risk
13529,232,Others
16123,312,Others
15973,122,At Risk
13466,122,At Risk
17510,412,Others
13699,212,Others
16956,412,Others
15010,312,Others
13787,232,Others
12884,212,Others
17604,122,At Risk
14847,212,Others
14339,122,At Risk
16810,122,At Risk
15699,412,Others
15661,122,At Risk
14924,122,At Risk
17912,142,Loyal Customer
14311,122,At Risk
15308,122,At Risk
15185,312,Others
13897,312,Others
16781,122,At Risk
17854,122,At Risk
13990,122,At Risk
12852,122,At Risk
14327,212,Others
14951,212,Others
15326,122,At Risk
14142,122,At Risk
16450,212,Others
12785,122,At Risk
17362,122,At Risk
13642,122,At Risk
12834,122,At Risk
14555,332,Others
15318,512,New Customer
13845,312,Others
14729,122,At Risk
14932,122,At Risk
16582,212,Others
13484,122,At Risk
15970,122,At Risk
16227,122,At Risk
18117,412,Others
12650,512,New Customer
16193,122,At Risk
17237,532,New Customer
16091,222,Others
15766,312,Others
12614,122,At Risk
16473,242,Loyal Customer
14479,122,At Risk
15872,432,Others
13494,122,At Risk
17458,412,Others
15204,122,At Risk
16761,212,Others
15243,212,Others
15385,312,Others
15257,122,At Risk
17267,232,Others
15101,532,New Customer
17172,212,Others
18066,212,Others
12648,212,Others
17839,312,Others
14703,412,Others
17248,212,Others
17229,232,Others
17157,532,New Customer
16967,122,At Risk
15107,142,Loyal Customer
13986,412,Others
14622,122,At Risk
16096,122,At Risk
12365,122,At Risk
15236,122,At Risk
14823,142,Loyal Customer
17976,122,At Risk
14484,312,Others
14424,412,Others
15224,122,At Risk
16342,242,Loyal Customer
16627,212,Others
13955,222,Others
16739,212,Others
15921,212,Others
15675,242,Loyal Customer
13351,312,Others
16685,332,Others
18261,332,Others
15597,312,Others
13801,312,Others
12790,122,At Risk
15944,122,At Risk
14850,122,At Risk
16830,312,Others
12844,432,Others
15363,122,At Risk
16071,312,Others
17715,122,At Risk
14987,432,Others
16322,532,New Customer
14870,122,At Risk
16366,412,Others
15579,332,Others
14024,232,Others
15314,122,At Risk
16318,312,Others
14206,122,At Risk
14747,122,At Risk
15213,122,At Risk
16855,432,Others
16343,432,Others
13372,212,Others
17222,312,Others
14012,122,At Risk
15880,122,At Risk
15153,412,Others
17154,212,Others
17914,512,New Customer
13239,122,At Risk
17615,242,Loyal Customer
17866,212,Others
12953,512,New Customer
15714,532,New Customer
16593,342,Loyal Customer
15130,212,Others
14517,332,Others
13706,122,At Risk
12519,312,Others
17862,122,At Risk
12891,142,Loyal Customer
16478,432,Others
15210,122,At Risk
16030,122,At Risk
16274,122,At Risk
16177,312,Others
16803,312,Others
16850,122,At Risk
13904,332,Others
14902,412,Others
16625,122,At Risk
13727,432,Others
13216,122,At Risk
14264,222,Others
15918,122,At Risk
12350,122,At Risk
17221,532,New Customer
15466,212,Others
14988,122,At Risk
12489,122,At Risk
17917,332,Others
16063,122,At Risk
14196,212,Others
18276,312,Others
18078,122,At Risk
17384,432,Others
15619,512,New Customer
16105,122,At Risk
17973,312,Others
13569,432,Others
15900,412,Others
13930,332,Others
15942,212,Others
15652,212,Others
16183,312,Others
17697,122,At Risk
16545,212,Others
17045,242,Loyal Customer
13345,122,At Risk
13737,122,At Risk
15115,412,Others
14491,222,Others
16826,312,Others
17835,532,New Customer
16851,532,New Customer
17795,222,Others
12875,222,Others
12715,212,Others
18081,332,Others
15520,512,New Customer
15047,122,At Risk
13068,532,New Customer
17569,122,At Risk
16978,212,Others
14633,122,At Risk
13774,212,Others
17123,212,Others
15781,432,Others
13091,412,Others
16423,412,Others
13649,122,At Risk
13062,122,At Risk
18127,432,Others
17668,532,New Customer
15334,242,Loyal Customer
13352,312,Others
13497,122,At Risk
14379,332,Others
13052,122,At Risk
16159,122,At Risk
12527,242,Loyal Customer
13790,512,New Customer
17252,232,Others
13927,212,Others
15405,122,At Risk
18250,122,At Risk
13887,122,At Risk
13670,212,Others
15901,432,Others
12532,412,Others
13108,122,At Risk
13740,122,At Risk
13332,412,Others
13923,312,Others
15789,122,At Risk
15870,312,Others
12566,212,Others
18112,532,New Customer
15678,312,Others
12617,412,Others
14804,512,New Customer
13210,212,Others
13173,532,New Customer
12845,142,Loyal Customer
12888,122,At Risk
14690,332,Others
17742,232,Others
15840,332,Others
14537,312,Others
16372,332,Others
15247,212,Others
15713,222,Others
14500,242,Loyal Customer
13453,222,Others
18040,432,Others
16971,312,Others
17025,342,Loyal Customer
13976,122,At Risk
13228,212,Others
16823,122,At Risk
17948,212,Others
15120,212,Others
13298,512,New Customer
13780,532,New Customer
16595,312,Others
17358,122,At Risk
13291,212,Others
16305,212,Others
16769,122,At Risk
13844,512,New Customer
15025,312,Others
16052,312,Others
16378,142,Loyal Customer
16903,412,Others
14594,532,New Customer
14427,332,Others
12915,222,Others
18056,122,At Risk
16485,212,Others
16509,122,At Risk
14171,212,Others
17330,432,Others
12538,412,Others
14528,312,Others
15885,232,Others
15343,212,Others
12373,122,At Risk
15949,432,Others
14886,122,At Risk
16202,122,At Risk
16499,122,At Risk
17432,432,Others
17911,512,New Customer
18181,412,Others
16065,122,At Risk
17765,242,Loyal Customer
14888,122,At Risk
16758,312,Others
15922,122,At Risk
15063,122,At Risk
15975,212,Others
14950,412,Others
16776,312,Others
15472,212,Others
18155,242,Loyal Customer
13300,212,Others
12981,432,Others
12544,312,Others
12895,332,Others
16321,242,Loyal Customer
12873,122,At Risk
17492,122,At Risk
14067,332,Others
16147,212,Others
14079,212,Others
14448,532,New Customer
16858,122,At Risk
17078,332,Others
13936,212,Others
17489,332,Others
12890,412,Others
17736,532,New Customer
16930,432,Others
16909,212,Others
17878,312,Others
13589,432,Others
13656,222,Others
16552,122,At Risk
14731,332,Others
17936,512,New Customer
17031,532,New Customer
17999,332,Others
17138,122,At Risk
17573,432,Others
12871,232,Others
15048,342,Loyal Customer
16441,332,Others
15090,122,At Risk
17223,122,At Risk
17250,532,New Customer
13657,532,New Customer
17239,122,At Risk
13817,432,Others
12832,432,Others
15424,122,At Risk
14304,122,At Risk
15440,342,Loyal Customer
12515,122,At Risk
17189,232,Others
13833,212,Others
12733,122,At Risk
16982,312,Others
17205,312,Others
16204,412,Others
17357,432,Others
13919,332,Others
17711,532,New Customer
13821,222,Others
14779,142,Loyal Customer
17614,312,Others
15664,312,Others
14114,122,At Risk
17595,532,New Customer
17508,122,At Risk
13673,432,Others
14420,212,Others
17817,532,New Customer
14538,332,Others
17438,122,At Risk
13856,242,Loyal Customer
13899,432,Others
15592,312,Others
12690,122,At Risk
13358,122,At Risk
15847,332,Others
16250,122,At Risk
13359,312,Others
13873,242,Loyal Customer
14752,312,Others
17379,512,New Customer
18024,222,Others
12982,122,At Risk
16917,122,At Risk
15837,312,Others
16010,142,Loyal Customer
14670,122,At Risk
14600,122,At Risk
17226,122,At Risk
15345,312,Others
15264,312,Others
15386,122,At Risk
16207,412,Others
14619,122,At Risk
17603,212,Others
16354,332,Others
18067,312,Others
15883,532,New Customer
17486,122,At Risk
13594,312,Others
12824,312,Others
17926,232,Others
15429,432,Others
15967,432,Others
12493,222,Others
12508,432,Others
15522,432,Others
17830,532,New Customer
17052,412,Others
18154,532,New Customer
13255,532,New Customer
18164,312,Others
17375,142,Loyal Customer
12792,122,At Risk
16198,212,Others
15889,222,Others
16500,552,Loyal Customer
15158,312,Others
12386,122,At Risk
15184,432,Others
18036,432,Others
15221,122,At Risk
17431,122,At Risk
12498,432,Others
16484,222,Others
16319,122,At Risk
15938,242,Loyal Customer
15012,332,Others
12922,212,Others
12970,542,Loyal Customer
14616,142,Loyal Customer
15342,212,Others
16399,432,Others
16947,122,At Risk
15127,312,Others
17931,232,Others
16324,242,Loyal Customer
16629,232,Others
17913,332,Others
15269,412,Others
16018,332,Others
16243,332,Others
15225,122,At Risk
12990,432,Others
14348,122,At Risk
13827,342,Loyal Customer
14048,122,At Risk
15695,122,At Risk
15099,212,Others
17392,122,At Risk
15186,432,Others
16272,212,Others
15523,212,Others
14620,122,At Risk
17134,232,Others
16834,122,At Risk
13974,312,Others
17483,342,Loyal Customer
16239,332,Others
15994,312,Others
12993,442,Loyal Customer
14998,222,Others
16795,122,At Risk
18001,532,New Customer
14333,312,Others
15725,412,Others
12580,122,At Risk
12930,232,Others
14139,312,Others
15803,312,Others
13085,222,Others
16957,122,At Risk
13889,212,Others
16816,242,Loyal Customer
13166,122,At Risk
12833,212,Others
16737,312,Others
13615,122,At Risk
17232,532,New Customer
17701,122,At Risk
12593,242,Loyal Customer
17371,432,Others
18034,432,Others
15361,122,At Risk
14124,212,Others
15206,542,Loyal Customer
14757,212,Others
18106,122,At Risk
16780,232,Others
13140,242,Loyal Customer
18240,312,Others
16689,232,Others
13473,332,Others
17525,122,At Risk
16119,532,New Customer
14157,432,Others
15639,212,Others
14288,122,At Risk
15930,312,Others
12802,122,At Risk
12740,312,Others
15976,222,Others
12403,312,Others
12725,122,At Risk
15360,312,Others
17869,242,Loyal Customer
15957,412,Others
13602,312,Others
15553,312,Others
15036,242,Loyal Customer
15230,122,At Risk
16884,332,Others
15450,412,Others
12827,532,New Customer
12795,412,Others
13245,312,Others
12452,432,Others
16881,312,Others
16236,212,Others
17035,122,At Risk
14093,512,New Customer
14460,242,Loyal Customer
14910,542,Loyal Customer
15456,142,Loyal Customer
16948,242,Loyal Customer
15551,312,Others
16084,122,At Risk
13338,212,Others
12592,232,Others
16034,142,Loyal Customer
12552,332,Others
14272,232,Others
16968,532,New Customer
16025,412,Others
12391,412,Others
13954,532,New Customer
15524,412,Others
14022,122,At Risk
18233,122,At Risk
12579,212,Others
18222,212,Others
16404,312,Others
14638,312,Others
18006,412,Others
17190,332,Others
17370,242,Loyal Customer
14149,122,At Risk
15368,412,Others
15646,242,Loyal Customer
14780,332,Others
17579,532,New Customer
15739,312,Others
12448,312,Others
13489,242,Loyal Customer
17040,212,Others
16885,432,Others
14173,542,Loyal Customer
16574,212,Others
12591,122,At Risk
14184,312,Others
18071,122,At Risk
12729,212,Others
18158,532,New Customer
17564,432,Others
15475,212,Others
17140,122,At Risk
13485,122,At Risk
15471,512,New Customer
14335,432,Others
16529,122,At Risk
15585,212,Others
14513,242,Loyal Customer
12999,142,Loyal Customer
12564,122,At Risk
13398,122,At Risk
12375,532,New Customer
15121,332,Others
15092,122,At Risk
13506,122,At Risk
15754,342,Loyal Customer
16374,332,Others
17880,122,At Risk
16589,342,Loyal Customer
12355,122,At Risk
12491,312,Others
16805,222,Others
16824,432,Others
14470,532,New Customer
14331,232,Others
12945,122,At Risk
17964,432,Others
14489,122,At Risk
17418,332,Others
12787,532,New Customer
14967,312,Others
15349,222,Others
16586,122,At Risk
15026,242,Loyal Customer
13928,542,Loyal Customer
13248,232,Others
16504,412,Others
14205,432,Others
13579,432,Others
15468,332,Others
14029,332,Others
13171,432,Others
14896,122,At Risk
15557,412,Others
14431,122,At Risk
15963,432,Others
13066,432,Others
15721,512,New Customer
16038,532,New Customer
14013,242,Loyal Customer
15780,142,Loyal Customer
14497,122,At Risk
15006,312,Others
14853,432,Others
15507,212,Others
18176,122,At Risk
12447,122,At Risk
14320,122,At Risk
13092,342,Loyal Customer
16693,332,Others
12644,212,Others
16768,332,Others
15589,142,Loyal Customer
16008,432,Others
16812,122,At Risk
16368,532,New Customer
17555,432,Others
15091,312,Others
14130,122,At Risk
13176,312,Others
18216,412,Others
12504,432,Others
17950,242,Loyal Customer
16603,232,Others
14450,142,Loyal Customer
14147,232,Others
12808,332,Others
14958,242,Loyal Customer
13531,122,At Risk
16518,332,Others
16999,432,Others
15109,122,At Risk
12639,122,At Risk
13153,512,New Customer
15287,432,Others
17453,432,Others
13675,222,Others
16643,122,At Risk
15165,123,At Risk
14396,333,Others
17361,333,Others
12809,213,Others
18074,123,At Risk
14416,433,Others
15877,533,New Customer
15000,313,Others
14236,233,Others
13732,413,Others
14270,123,At Risk
12763,223,Others
17333,213,Others
16352,433,Others
15448,123,At Risk
17374,123,At Risk
12904,433,Others
15018,333,Others
15300,313,Others
17495,533,New Customer
16820,213,Others
17298,233,Others
17053,213,Others
15142,313,Others
16488,333,Others
14681,343,Loyal Customer
15193,313,Others
14077,343,Loyal Customer
15389,213,Others
16616,433,Others
16898,433,Others
13247,443,Loyal Customer
13116,213,Others
14871,543,Loyal Customer
15881,143,Loyal Customer
13865,343,Loyal Customer
16863,433,Others
15535,243,Loyal Customer
17630,223,Others
12991,433,Others
15081,443,Loyal Customer
16960,333,Others
14014,213,Others
12988,123,At Risk
16614,123,At Risk
13885,123,At Risk
14820,443,Loyal Customer
14158,313,Others
17415,213,Others
17958,213,Others
14317,313,Others
15417,213,Others
17391,223,Others
12436,213,Others
15891,123,At Risk
15406,433,Others
16561,533,New Customer
14851,433,Others
12582,123,At Risk
17480,213,Others
17805,213,Others
17290,533,New Customer
17513,213,Others
13005,223,Others
15882,143,Loyal Customer
15246,123,At Risk
12811,143,Loyal Customer
15809,343,Loyal Customer
13043,123,At Risk
18205,333,Others
17454,143,Loyal Customer
16135,123,At Risk
16892,543,Loyal Customer
18252,333,Others
15030,333,Others
16650,313,Others
16955,143,Loyal Customer
13643,433,Others
12571,333,Others
14873,123,At Risk
17345,443,Loyal Customer
15149,213,Others
12863,313,Others
17712,313,Others
18017,243,Loyal Customer
17329,433,Others
13721,313,Others
15467,533,New Customer
17429,243,Loyal Customer
15919,433,Others
17623,413,Others
12479,513,New Customer
15756,343,Loyal Customer
16602,313,Others
17062,143,Loyal Customer
17631,533,New Customer
15452,433,Others
18043,433,Others
16185,433,Others
14463,243,Loyal Customer
14002,233,Others
18159,123,At Risk
14265,233,Others
16706,333,Others
12784,533,New Customer
15825,213,Others
15433,123,At Risk
13217,243,Loyal Customer
13434,233,Others
17443,123,At Risk
16340,213,Others
13385,123,At Risk
13000,243,Loyal Customer
16142,123,At Risk
16233,243,Loyal Customer
16804,433,Others
15043,413,Others
16206,343,Loyal Customer
14539,433,Others
15539,513,New Customer
15469,333,Others
14496,123,At Risk
13812,333,Others
12743,233,Others
13874,123,At Risk
17557,433,Others
17447,333,Others
17897,243,Loyal Customer
16230,123,At Risk
13278,313,Others
16927,243,Loyal Customer
13390,213,Others
13617,333,Others
16475,243,Loyal Customer
12793,123,At Risk
17806,513,New Customer
14997,333,Others
14805,443,Loyal Customer
17520,313,Others
17295,433,Others
16211,213,Others
17637,433,Others
16811,533,New Customer
14474,313,Others
16031,233,Others
16536,213,Others
14177,243,Loyal Customer
12390,213,Others
17265,223,Others
17235,433,Others
17291,123,At Risk
17674,233,Others
12363,233,Others
15068,333,Others
14618,533,New Customer
14891,223,Others
17864,533,New Customer
16385,343,Loyal Customer
17955,143,Loyal Customer
13405,123,At Risk
13260,313,Others
14592,333,Others
13800,123,At Risk
12987,233,Others
17503,533,New Customer
12866,123,At Risk
16906,243,Loyal Customer
15415,123,At Risk
16275,123,At Risk
14273,343,Loyal Customer
13044,123,At Risk
15655,123,At Risk
13946,243,Loyal Customer
12559,123,At Risk
16916,433,Others
12414,143,Loyal Customer
14167,343,Loyal Customer
17970,123,At Risk
14753,213,Others
16933,533,New Customer
15344,533,New Customer
13894,433,Others
16345,313,Others
16278,213,Others
18150,433,Others
16667,333,Others
13321,233,Others
17360,433,Others
13939,433,Others
15315,333,Others
15821,333,Others
17616,243,Loyal Customer
13816,433,Others
12816,233,Others
13379,433,Others
12879,333,Others
13368,123,At Risk
15303,123,At Risk
15339,333,Others
18123,433,Others
14400,213,Others
13487,343,Loyal Customer
15550,543,Loyal Customer
15830,313,Others
16723,233,Others
14176,143,Loyal Customer
12601,143,Loyal Customer
14529,343,Loyal Customer
16005,543,Loyal Customer
17540,433,Others
13292,333,Others
17142,123,At Risk
18095,123,At Risk
17259,223,Others
12695,543,Loyal Customer
13427,433,Others
12426,123,At Risk
15573,433,Others
17014,533,New Customer
15762,333,Others
13557,433,Others
14023,533,New Customer
16072,123,At Risk
16384,233,Others
15222,123,At Risk
13243,123,At Risk
12384,433,Others
17890,123,At Risk
17351,333,Others
15624,243,Loyal Customer
14338,223,Others
16838,123,At Risk
14882,433,Others
13452,123,At Risk
13270,123,At Risk
13276,333,Others
14692,243,Loyal Customer
13811,123,At Risk
16788,233,Others
16203,343,Loyal Customer
18232,243,Loyal Customer
16535,513,New Customer
15442,123,At Risk
12917,213,Others
13959,243,Loyal Customer
16325,333,Others
13558,543,Loyal Customer
14284,433,Others
17658,433,Others
13888,233,Others
14965,233,Others
18246,433,Others
14467,443,Loyal Customer
14675,413,Others
15381,123,At Risk
14645,223,Others
14108,433,Others
16298,433,Others
13311,533,New Customer
15720,413,Others
17420,333,Others
14710,443,Loyal Customer
12556,333,Others
12521,213,Others
12872,123,At Risk
18211,443,Loyal Customer
13301,243,Loyal Customer
12420,313,Others
16654,243,Loyal Customer
14609,243,Loyal Customer
12654,543,Loyal Customer
15366,233,Others
16022,123,At Risk
12707,123,At Risk
16732,413,Others
12944,333,Others
17664,433,Others
14323,233,Others
13233,233,Others
17507,123,At Risk
14133,243,Loyal Customer
17849,143,Loyal Customer
16718,123,At Risk
17119,533,New Customer
12933,433,Others
13933,233,Others
16442,533,New Customer
13357,123,At Risk
14636,333,Others
15795,213,Others
12673,533,New Customer
13731,123,At Risk
15645,413,Others
16763,123,At Risk
16109,123,At Risk
15232,233,Others
18149,333,Others
12513,213,Others
18022,313,Others
16116,123,At Risk
16566,443,Loyal Customer
15275,313,Others
14382,413,Others
14905,223,Others
16311,433,Others
14377,123,At Risk
14593,433,Others
16268,333,Others
16134,433,Others
12596,333,Others
13145,343,Loyal Customer
16613,313,Others
13493,123,At Risk
12667,313,Others
16141,213,Others
13546,533,New Customer
13402,233,Others
14152,233,Others
17640,213,Others
16915,553,Loyal Customer
18217,433,Others
15768,243,Loyal Customer
17460,253,Loyal Customer
12577,333,Others
15182,223,Others
17499,123,At Risk
15258,223,Others
16431,143,Loyal Customer
15147,123,At Risk
12649,243,Loyal Customer
16750,343,Loyal Customer
16469,443,Loyal Customer
15402,223,Others
13914,533,New Customer
14036,123,At Risk
15028,543,Loyal Customer
13518,213,Others
14687,213,Others
13525,433,Others
13046,433,Others
17990,143,Loyal Customer
16418,333,Others
13539,243,Loyal Customer
17985,413,Others
15244,333,Others
14021,243,Loyal Customer
13822,533,New Customer
18183,123,At Risk
16306,143,Loyal Customer
14220,123,At Risk
13892,443,Loyal Customer
16139,433,Others
14000,123,At Risk
15773,513,New Customer
15829,233,Others
14664,433,Others
14481,223,Others
14128,333,Others
14754,333,Others
18160,333,Others
17515,443,Loyal Customer
15648,123,At Risk
14301,213,Others
12631,313,Others
13318,533,New Customer
13417,533,New Customer
12624,233,Others
18218,123,At Risk
15297,533,New Customer
17046,213,Others
17545,333,Others
15384,223,Others
13034,333,Others
14020,433,Others
16383,233,Others
14451,333,Others
17312,243,Loyal Customer
12719,533,New Customer
14855,233,Others
15651,333,Others
14044,443,Loyal Customer
12589,433,Others
16734,343,Loyal Customer
16014,333,Others
17373,343,Loyal Customer
17777,433,Others
16495,533,New Customer
13240,243,Loyal Customer
14034,433,Others
17779,433,Others
16969,333,Others
15571,543,Loyal Customer
16056,313,Others
17523,543,Loyal Customer
14548,223,Others
15031,543,Loyal Customer
15205,233,Others
18121,223,Others
13496,533,New Customer
18151,233,Others
17398,243,Loyal Customer
14651,333,Others
16444,343,Loyal Customer
14725,413,Others
14894,213,Others
16127,313,Others
17299,543,Loyal Customer
16708,313,Others
13049,333,Others
16157,433,Others
17321,533,New Customer
15677,313,Others
17459,333,Others
14818,243,Loyal Customer
16696,243,Loyal Customer
14150,333,Others
16357,333,Others
13759,333,Others
15492,433,Others
14603,123,At Risk
13028,433,Others
16774,343,Loyal Customer
16573,233,Others
14720,533,New Customer
15643,143,Loyal Customer
13596,533,New Customer
16208,333,Others
17883,543,Loyal Customer
13963,143,Loyal Customer
17105,223,Others
15969,533,New Customer
13741,343,Loyal Customer
14342,443,Loyal Customer
12418,213,Others
12638,313,Others
12838,333,Others
14628,233,Others
13258,533,New Customer
14504,343,Loyal Customer
13951,243,Loyal Customer
17749,223,Others
13464,313,Others
13355,213,Others
13838,543,Loyal Customer
17994,243,Loyal Customer
13325,213,Others
13607,313,Others
12942,243,Loyal Customer
15574,243,Loyal Customer
18156,533,New Customer
17462,333,Others
15626,233,Others
16377,123,At Risk
13040,533,New Customer
13388,233,Others
13548,233,Others
13925,243,Loyal Customer
14788,533,New Customer
13430,433,Others
15322,213,Others
16872,243,Loyal Customer
13524,343,Loyal Customer
18082,413,Others
12478,513,New Customer
17397,433,Others
18135,443,Loyal Customer
17341,243,Loyal Customer
15582,433,Others
14222,223,Others
17874,153,Loyal Customer
15669,343,Loyal Customer
16122,243,Loyal Customer
15038,353,Loyal Customer
12658,413,Others
18196,233,Others
16642,533,New Customer
13799,233,Others
17502,543,Loyal Customer
15181,343,Loyal Customer
13023,333,Others
18085,123,At Risk
17796,343,Loyal Customer
16212,433,Others
14880,243,Loyal Customer
17733,333,Others
17198,433,Others
14111,443,Loyal Customer
13601,333,Others
12410,123,At Risk
14643,223,Others
15053,533,New Customer
12925,533,New Customer
15304,353,Loyal Customer
17884,543,Loyal Customer
14959,343,Loyal Customer
14009,123,At Risk
15700,223,Others
15800,233,Others
17472,143,Loyal Customer
14829,443,Loyal Customer
17423,333,Others
17812,543,Loyal Customer
17734,343,Loyal Customer
13238,443,Loyal Customer
14356,233,Others
14198,443,Loyal Customer
14179,333,Others
16997,143,Loyal Customer
15103,433,Others
12883,443,Loyal Customer
17974,433,Others
12612,213,Others
17934,333,Others
16015,533,New Customer
16882,343,Loyal Customer
16364,533,New Customer
14126,533,New Customer
16309,233,Others
12453,213,Others
16449,123,At Risk
15951,533,New Customer
16136,343,Loyal Customer
14127,243,Loyal Customer
16362,443,Loyal Customer
14867,143,Loyal Customer
13249,243,Loyal Customer
17179,243,Loyal Customer
13705,533,New Customer
15855,243,Loyal Customer
17642,233,Others
13587,313,Others
13416,333,Others
17761,413,Others
13147,543,Loyal Customer
13169,333,Others
12616,233,Others
18035,333,Others
15757,333,Others
15330,333,Others
17029,233,Others
17888,453,Loyal Customer
15400,243,Loyal Customer
12535,233,Others
15274,533,New Customer
15581,253,Loyal Customer
16023,333,Others
18062,243,Loyal Customer
15584,443,Loyal Customer
14869,533,New Customer
15272,333,Others
17521,433,Others
12475,313,Others
15636,233,Others
12723,543,Loyal Customer
16140,333,Others
17692,243,Loyal Customer
14055,213,Others
13623,443,Loyal Customer
13077,543,Loyal Customer
17666,533,New Customer
16261,443,Loyal Customer
17979,343,Loyal Customer
12468,123,At Risk
13736,533,New Customer
14778,233,Others
16491,313,Others
15525,533,New Customer
16099,333,Others
13575,443,Loyal Customer
16146,243,Loyal Customer
15215,333,Others
15045,223,Others
15074,213,Others
17461,433,Others
16806,243,Loyal Customer
12976,123,At Risk
14756,413,Others
12603,413,Others
15252,333,Others
13900,143,Loyal Customer
13753,123,At Risk
14662,443,Loyal Customer
12465,433,Others
16891,543,Loyal Customer
12374,413,Others
16730,343,Loyal Customer
13354,313,Others
13236,433,Others
14790,443,Loyal Customer
13950,543,Loyal Customer
17034,433,Others
14050,433,Others
17387,433,Others
14201,353,Loyal Customer
16859,223,Others
15656,343,Loyal Customer
14923,313,Others
17146,243,Loyal Customer
12908,223,Others
16205,443,Loyal Customer
16256,123,At Risk
13030,533,New Customer
13730,223,Others
16470,343,Loyal Customer
14234,443,Loyal Customer
18104,313,Others
13370,123,At Risk
15223,123,At Risk
16725,143,Loyal Customer
16770,343,Loyal Customer
14550,533,New Customer
12413,343,Loyal Customer
15568,533,New Customer
16036,233,Others
17425,433,Others
14883,453,Loyal Customer
15599,433,Others
17466,533,New Customer
17268,243,Loyal Customer
17516,443,Loyal Customer
14885,213,Others
17695,233,Others
14672,123,At Risk
13356,213,Others
16480,213,Others
12965,213,Others
14412,333,Others
15353,123,At Risk
17409,123,At Risk
17764,333,Others
15075,213,Others
16222,123,At Risk
16043,343,Loyal Customer
15414,533,New Customer
16825,333,Others
13341,123,At Risk
13314,533,New Customer
15743,443,Loyal Customer
15618,443,Loyal Customer
12425,213,Others
13563,233,Others
16505,413,Others
17414,333,Others
14815,333,Others
13375,213,Others
17411,533,New Customer
13167,443,Loyal Customer
12735,123,At Risk
18228,333,Others
17797,433,Others
15239,533,New Customer
13583,213,Others
15679,443,Loyal Customer
17006,543,Loyal Customer
15952,343,Loyal Customer
16054,213,Others
17180,343,Loyal Customer
18136,343,Loyal Customer
15806,333,Others
12628,533,New Customer
13109,333,Others
13212,433,Others
16546,123,At Risk
13884,543,Loyal Customer
13323,543,Loyal Customer
14557,213,Others
13329,433,Others
16759,533,New Customer
14976,353,Loyal Customer
13016,243,Loyal Customer
15990,333,Others
15831,343,Loyal Customer
13336,213,Others
12701,233,Others
13389,533,New Customer
16438,543,Loyal Customer
13280,243,Loyal Customer
17703,333,Others
17905,243,Loyal Customer
13720,243,Loyal Customer
15561,543,Loyal Customer
16367,333,Others
17114,553,Loyal Customer
18265,233,Others
13637,343,Loyal Customer
15644,243,Loyal Customer
12422,243,Loyal Customer
18248,233,Others
12434,233,Others
13707,123,At Risk
12421,443,Loyal Customer
15533,433,Others
14499,433,Others
15965,443,Loyal Customer
16624,233,Others
16276,213,Others
16460,433,Others
17980,243,Loyal Customer
16284,433,Others
14421,333,Others
16621,343,Loyal Customer
16600,553,Loyal Customer
18064,233,Others
15399,533,New Customer
15649,123,At Risk
16943,143,Loyal Customer
16869,443,Loyal Customer
16092,243,Loyal Customer
17759,433,Others
13220,243,Loyal Customer
17921,343,Loyal Customer
13893,123,At Risk
12778,453,Loyal Customer
16164,433,Others
15164,343,Loyal Customer
12427,433,Others
16494,123,At Risk
12781,333,Others
12461,233,Others
13681,443,Loyal Customer
16924,433,Others
14644,333,Others
15862,543,Loyal Customer
16644,223,Others
17075,443,Loyal Customer
13835,443,Loyal Customer
17169,333,Others
16747,333,Others
12728,243,Loyal Customer
15832,123,At Risk
16554,333,Others
17115,533,New Customer
13940,443,Loyal Customer
14332,433,Others
17076,333,Others
14862,433,Others
16560,433,Others
16108,213,Others
13929,223,Others
17929,543,Loyal Customer
17624,433,Others
12847,413,Others
13221,123,At Risk
14803,243,Loyal Customer
16877,553,Loyal Customer
16347,533,New Customer
14657,443,Loyal Customer
12713,513,New Customer
18096,533,New Customer
16020,433,Others
13991,553,Loyal Customer
16070,433,Others
12379,233,Others
15022,543,Loyal Customer
14193,333,Others
16121,333,Others
17560,243,Loyal Customer
12878,123,At Risk
16037,143,Loyal Customer
17064,343,Loyal Customer
12693,243,Loyal Customer
16163,123,At Risk
13566,333,Others
14553,443,Loyal Customer
14577,543,Loyal Customer
13339,123,At Risk
12794,333,Others
16221,333,Others
16266,253,Loyal Customer
12680,543,Loyal Customer
14931,543,Loyal Customer
13846,433,Others
16567,123,At Risk
14597,533,New Customer
16235,343,Loyal Customer
14715,443,Loyal Customer
14912,433,Others
17649,213,Others
17886,433,Others
13203,543,Loyal Customer
12694,333,Others
13376,243,Loyal Customer
17566,533,New Customer
13979,213,Others
13200,443,Loyal Customer
15208,543,Loyal Customer
13294,123,At Risk
16657,543,Loyal Customer
16513,543,Loyal Customer
15100,143,Loyal Customer
14770,123,At Risk
15653,233,Others
17027,253,Loyal Customer
13350,433,Others
15076,213,Others
13037,243,Loyal Customer
13662,243,Loyal Customer
17109,453,Loyal Customer
15907,533,New Customer
14623,343,Loyal Customer
18236,453,Loyal Customer
15799,243,Loyal Customer
17704,223,Others
15822,533,New Customer
14449,443,Loyal Customer
16900,433,Others
17537,433,Others
17829,123,At Risk
17007,353,Loyal Customer
14344,253,Loyal Customer
14240,433,Others
15255,313,Others
13515,243,Loyal Customer
16361,543,Loyal Customer
12772,313,Others
13363,433,Others
15066,313,Others
15211,333,Others
15865,333,Others
15079,143,Loyal Customer
13810,433,Others
14625,123,At Risk
12940,333,Others
15511,543,Loyal Customer
17848,253,Loyal Customer
16716,123,At Risk
17323,453,Loyal Customer
15807,333,Others
15480,213,Others
13038,243,Loyal Customer
13782,553,Loyal Customer
13689,313,Others
14289,553,Loyal Customer
13192,233,Others
14359,433,Others
15364,233,Others
15587,343,Loyal Customer
16809,443,Loyal Customer
16216,123,At Risk
14141,543,Loyal Customer
17236,553,Loyal Customer
16511,433,Others
15707,343,Loyal Customer
14712,433,Others
14015,313,Others
15253,443,Loyal Customer
13549,453,Loyal Customer
13075,213,Others
12652,123,At Risk
17018,333,Others
13984,443,Loyal Customer
15576,313,Others
14081,123,At Risk
13035,233,Others
13934,123,At Risk
16551,243,Loyal Customer
13122,233,Others
15654,533,New Customer
13805,333,Others
15312,243,Loyal Customer
17048,243,Loyal Customer
14231,143,Loyal Customer
12924,243,Loyal Customer
14475,243,Loyal Customer
16907,443,Loyal Customer
17618,533,New Customer
17552,343,Loyal Customer
17289,434,Big Spender
16934,334,Big Spender
18133,124,Big Spender
14532,144,Loyal Customer
13655,234,Big Spender
15787,434,Big Spender
16027,254,Loyal Customer
14140,534,Big Spender
16584,234,Big Spender
17227,454,Loyal Customer
17527,344,Loyal Customer
15289,434,Big Spender
14075,534,Big Spender
12820,544,Loyal Customer
13261,124,Big Spender
15747,534,Big Spender
12458,334,Big Spender
13748,244,Loyal Customer
17044,414,Big Spender
12822,334,Big Spender
13636,344,Loyal Customer
15421,344,Loyal Customer
14540,534,Big Spender
15835,344,Loyal Customer
17097,554,Loyal Customer
17244,314,Big Spender
15948,534,Big Spender
14629,534,Big Spender
12697,434,Big Spender
13823,434,Big Spender
18192,214,Big Spender
16419,254,Loyal Customer
15156,534,Big Spender
14006,244,Loyal Customer
13138,454,Loyal Customer
12550,214,Big Spender
15860,354,Loyal Customer
15793,434,Big Spender
14138,534,Big Spender
14256,124,Big Spender
17100,434,Big Spender
13155,344,Loyal Customer
15506,434,Big Spender
16009,444,Loyal Customer
18194,214,Big Spender
12994,534,Big Spender
15449,434,Big Spender
14522,444,Loyal Customer
16376,534,Big Spender
13026,544,Loyal Customer
14920,124,Big Spender
15132,444,Loyal Customer
13509,554,Loyal Customer
18170,334,Big Spender
12541,434,Big Spender
16085,444,Loyal Customer
16188,344,Loyal Customer
15071,234,Big Spender
15133,244,Loyal Customer
12510,224,Big Spender
17144,534,Big Spender
13117,454,Loyal Customer
17324,444,Loyal Customer
14583,544,Loyal Customer
18237,544,Loyal Customer
15062,344,Loyal Customer
17126,244,Loyal Customer
14514,344,Loyal Customer
16232,344,Loyal Customer
14223,244,Loyal Customer
12849,434,Big Spender
17594,234,Big Spender
15104,124,Big Spender
15110,444,Loyal Customer
12722,244,Loyal Customer
18143,234,Big Spender
15508,154,Loyal Customer
12545,234,Big Spender
12446,314,Big Spender
14083,554,Loyal Customer
13410,444,Loyal Customer
14214,444,Loyal Customer
13867,434,Big Spender
14446,544,Loyal Customer
13429,544,Loyal Customer
14631,334,Big Spender
17646,144,Loyal Customer
17951,334,Big Spender
16174,244,Loyal Customer
16572,244,Loyal Customer
14224,244,Loyal Customer
13032,334,Big Spender
14817,124,Big Spender
16229,234,Big Spender
14775,344,Loyal Customer
14195,124,Big Spender
17197,414,Big Spender
12739,234,Big Spender
12642,434,Big Spender
13728,354,Loyal Customer
12514,124,Big Spender
12828,554,Loyal Customer
13956,544,Loyal Customer
18142,224,Big Spender
12572,534,Big Spender
13165,334,Big Spender
14346,234,Big Spender
17096,444,Loyal Customer
15658,144,Loyal Customer
14904,534,Big Spender
16160,334,Big Spender
16682,544,Loyal Customer
16980,124,Big Spender
15333,124,Big Spender
17033,244,Loyal Customer
13253,224,Big Spender
12717,224,Big Spender
13235,124,Big Spender
17405,534,Big Spender
12724,544,Loyal Customer
15996,254,Loyal Customer
12599,454,Loyal Customer
17724,344,Loyal Customer
14584,244,Loyal Customer
13639,214,Big Spender
16260,314,Big Spender
12691,454,Loyal Customer
17042,544,Loyal Customer
16175,244,Loyal Customer
14465,144,Loyal Customer
16320,224,Big Spender
15434,544,Loyal Customer
18221,444,Loyal Customer
13719,444,Loyal Customer
12497,214,Big Spender
15073,534,Big Spender
14389,334,Big Spender
15192,244,Loyal Customer
15464,124,Big Spender
14293,544,Loyal Customer
16520,144,Loyal Customer
15407,344,Loyal Customer
15777,144,Loyal Customer
16728,344,Loyal Customer
15839,334,Big Spender
17287,454,Loyal Customer
14078,254,Loyal Customer
15329,334,Big Spender
16416,434,Big Spender
14419,554,Loyal Customer
12716,534,Big Spender
15977,434,Big Spender
13455,434,Big Spender
17214,354,Loyal Customer
18130,434,Big Spender
17727,414,Big Spender
15706,344,Loyal Customer
16214,244,Loyal Customer
14411,124,Big Spender
12815,224,Big Spender
12936,444,Loyal Customer
15801,334,Big Spender
12951,554,Loyal Customer
14488,314,Big Spender
17277,124,Big Spender
15027,444,Loyal Customer
17522,544,Loyal Customer
15436,534,Big Spender
16918,354,Loyal Customer
16200,534,Big Spender
13521,534,Big Spender
14212,214,Big Spender
13761,334,Big Spender
13635,314,Big Spender
17041,434,Big Spender
13467,534,Big Spender
15238,434,Big Spender
15712,544,Loyal Customer
13131,434,Big Spender
16049,334,Big Spender
13715,144,Loyal Customer
16563,314,Big Spender
16094,544,Loyal Customer
14352,244,Loyal Customer
12354,124,Big Spender
15197,534,Big Spender
13726,334,Big Spender
13744,234,Big Spender
14561,244,Loyal Customer
13610,554,Loyal Customer
16533,434,Big Spender
15763,434,Big Spender
12534,214,Big Spender
13853,314,Big Spender
18189,234,Big Spender
15608,444,Loyal Customer
15745,444,Loyal Customer
13652,334,Big Spender
13211,534,Big Spender
16225,344,Loyal Customer
14161,144,Loyal Customer
14971,334,Big Spender
17609,344,Loyal Customer
17966,344,Loyal Customer
13104,554,Loyal Customer
15978,214,Big Spender
14410,254,Loyal Customer
14744,454,Loyal Customer
17047,244,Loyal Customer
15716,244,Loyal Customer
14948,454,Loyal Customer
13064,544,Loyal Customer
14102,544,Loyal Customer
12857,124,Big Spender
16833,544,Loyal Customer
15933,434,Big Spender
12399,244,Loyal Customer
15069,224,Big Spender
12679,344,Loyal Customer
16714,124,Big Spender
16350,444,Loyal Customer
17585,244,Loyal Customer
13591,344,Loyal Customer
17788,234,Big Spender
17894,354,Loyal Customer
12842,334,Big Spender
14276,244,Loyal Customer
14723,554,Loyal Customer
15730,344,Loyal Customer
16086,344,Loyal Customer
16807,244,Loyal Customer
17562,454,Loyal Customer
13486,244,Loyal Customer
13772,334,Big Spender
14129,544,Loyal Customer
17470,344,Loyal Customer
14708,534,Big Spender
12609,244,Loyal Customer
14824,544,Loyal Customer
13447,434,Big Spender
15500,544,Loyal Customer
18125,444,Loyal Customer
13310,434,Big Spender
13282,434,Big Spender
16989,554,Loyal Customer
15489,434,Big Spender
17242,234,Big Spender
17302,444,Loyal Customer
17500,434,Big Spender
17135,454,Loyal Customer
16172,244,Loyal Customer
13819,144,Loyal Customer
13330,244,Loyal Customer
16270,124,Big Spender
15985,234,Big Spender
17770,144,Loyal Customer
12769,124,Big Spender
16766,124,Big Spender
17505,224,Big Spender
12710,244,Loyal Customer
16062,544,Loyal Customer
13611,244,Loyal Customer
16637,444,Loyal Customer
17348,444,Loyal Customer
17867,454,Loyal Customer
16184,354,Loyal Customer
13499,444,Loyal Customer
18168,254,Loyal Customer
15088,434,Big Spender
12546,334,Big Spender
16800,514,Big Spender
14447,444,Loyal Customer
14261,334,Big Spender
14737,534,Big Spender
14487,454,Loyal Customer
13500,434,Big Spender
12358,534,Big Spender
14857,334,Big Spender
13564,124,Big Spender
15306,344,Loyal Customer
12640,434,Big Spender
12885,344,Loyal Customer
13752,254,Loyal Customer
16042,444,Loyal Customer
16950,344,Loyal Customer
17058,244,Loyal Customer
17800,354,Loyal Customer
15630,334,Big Spender
16612,344,Loyal Customer
15737,454,Loyal Customer
12462,434,Big Spender
13882,544,Loyal Customer
13208,344,Loyal Customer
12611,314,Big Spender
15145,544,Loyal Customer
17526,544,Loyal Customer
17720,444,Loyal Customer
16794,554,Loyal Customer
13118,444,Loyal Customer
15605,344,Loyal Customer
17320,244,Loyal Customer
13158,244,Loyal Customer
14684,444,Loyal Customer
16762,434,Big Spender
17653,344,Loyal Customer
12464,554,Loyal Customer
16653,434,Big Spender
13918,334,Big Spender
18263,434,Big Spender
17774,244,Loyal Customer
13055,244,Loyal Customer
17410,444,Loyal Customer
13491,354,Loyal Customer
14698,544,Loyal Customer
15227,344,Loyal Customer
14745,244,Loyal Customer
15004,214,Big Spender
15376,334,Big Spender
14428,544,Loyal Customer
15841,244,Loyal Customer
12412,244,Loyal Customer
12997,444,Loyal Customer
14913,344,Loyal Customer
15910,554,Loyal Customer
18171,344,Loyal Customer
18080,434,Big Spender
15201,244,Loyal Customer
13931,234,Big Spender
14893,534,Big Spender
13476,224,Big Spender
12985,534,Big Spender
17731,244,Loyal Customer
17588,244,Loyal Customer
17584,534,Big Spender
16531,454,Loyal Customer
13860,544,Loyal Customer
12494,454,Loyal Customer
13029,434,Big Spender
12689,434,Big Spender
14383,334,Big Spender
17262,344,Loyal Customer
13848,244,Loyal Customer
17481,544,Loyal Customer
16639,434,Big Spender
13151,124,Big Spender
17412,554,Loyal Customer
17019,544,Loyal Customer
14669,144,Loyal Customer
15009,534,Big Spender
17388,244,Loyal Customer
16688,544,Loyal Customer
15497,434,Big Spender
16842,244,Loyal Customer
13989,334,Big Spender
14105,124,Big Spender
17158,334,Big Spender
17037,214,Big Spender
16660,444,Loyal Customer
15199,344,Loyal Customer
14916,344,Loyal Customer
13431,334,Big Spender
14898,454,Loyal Customer
13492,244,Loyal Customer
12630,534,Big Spender
16899,554,Loyal Customer
13878,314,Big Spender
12394,334,Big Spender
16692,124,Big Spender
16951,244,Loyal Customer
15494,434,Big Spender
13538,354,Loyal Customer
17350,544,Loyal Customer
17802,244,Loyal Customer
16949,554,Loyal Customer
15136,544,Loyal Customer
15171,124,Big Spender
14856,334,Big Spender
16101,314,Big Spender
16744,554,Loyal Customer
15621,544,Loyal Customer
16224,344,Loyal Customer
16929,554,Loyal Customer
17961,454,Loyal Customer
15602,554,Loyal Customer
12372,344,Loyal Customer
16464,434,Big Spender
12488,534,Big Spender
13168,344,Loyal Customer
15108,244,Loyal Customer
16370,244,Loyal Customer
15813,124,Big Spender
17919,214,Big Spender
12507,244,Loyal Customer
14297,444,Loyal Customer
13328,124,Big Spender
14047,544,Loyal Customer
16120,344,Loyal Customer
14477,444,Loyal Customer
12516,234,Big Spender
17004,334,Big Spender
12364,544,Loyal Customer
16040,344,Loyal Customer
14973,244,Loyal Customer
14738,354,Loyal Customer
14511,544,Loyal Customer
12576,344,Loyal Customer
14921,434,Big Spender
12854,244,Loyal Customer
12526,534,Big Spender
16083,234,Big Spender
14794,554,Loyal Customer
14591,444,Loyal Customer
16110,334,Big Spender
17095,434,Big Spender
17633,444,Loyal Customer
15146,224,Big Spender
13232,554,Loyal Customer
16295,544,Loyal Customer
12676,454,Loyal Customer
17932,434,Big Spender
15680,534,Big Spender
14064,444,Loyal Customer
12919,554,Loyal Customer
17372,354,Loyal Customer
15059,354,Loyal Customer
12620,434,Big Spender
15734,234,Big Spender
13501,124,Big Spender
16045,244,Loyal Customer
18177,454,Loyal Customer
13743,554,Loyal Customer
16317,244,Loyal Customer
16669,434,Big Spender
12463,344,Loyal Customer
15398,434,Big Spender
14154,124,Big Spender
12646,534,Big Spender
15411,444,Loyal Customer
12770,124,Big Spender
16493,244,Loyal Customer
16079,434,Big Spender
15116,444,Loyal Customer
14859,544,Loyal Customer
17054,444,Loyal Customer
16726,444,Loyal Customer
13396,434,Big Spender
15563,434,Big Spender
14897,544,Loyal Customer
13813,344,Loyal Customer
14507,454,Loyal Customer
15095,244,Loyal Customer
17676,554,Loyal Customer
15453,554,Loyal Customer
14434,454,Loyal Customer
15569,244,Loyal Customer
12886,334,Big Spender
17621,434,Big Spender
16389,344,Loyal Customer
14116,444,Loyal Customer
15051,434,Big Spender
15898,544,Loyal Customer
13572,124,Big Spender
17311,234,Big Spender
18167,434,Big Spender
13308,434,Big Spender
12775,444,Loyal Customer
12952,544,Loyal Customer
15134,454,Loyal Customer
16539,544,Loyal Customer
13516,434,Big Spender
16271,444,Loyal Customer
13414,244,Loyal Customer
15810,244,Loyal Customer
17354,314,Big Spender
13995,444,Loyal Customer
18202,144,Loyal Customer
18116,354,Loyal Customer
15478,334,Big Spender
14741,554,Loyal Customer
14649,544,Loyal Customer
15426,444,Loyal Customer
17083,244,Loyal Customer
15596,244,Loyal Customer
15444,534,Big Spender
15237,544,Loyal Customer
16348,354,Loyal Customer
16245,434,Big Spender
16012,334,Big Spender
14748,444,Loyal Customer
17288,554,Loyal Customer
17856,544,Loyal Customer
16173,454,Loyal Customer
14443,344,Loyal Customer
14901,554,Loyal Customer
14019,334,Big Spender
16571,434,Big Spender
16463,444,Loyal Customer
15106,444,Loyal Customer
14071,554,Loyal Customer
17571,344,Loyal Customer
15681,444,Loyal Customer
15858,444,Loyal Customer
14035,444,Loyal Customer
13159,544,Loyal Customer
16103,554,Loyal Customer
15427,334,Big Spender
13475,144,Loyal Customer
16503,244,Loyal Customer
14566,214,Big Spender
15987,554,Loyal Customer
17175,344,Loyal Customer
17073,444,Loyal Customer
13461,334,Big Spender
13717,454,Loyal Customer
14740,144,Loyal Customer
14404,354,Loyal Customer
16059,354,Loyal Customer
14541,354,Loyal Customer
13477,354,Loyal Customer
13309,544,Loyal Customer
16996,454,Loyal Customer
17063,454,Loyal Customer
14704,454,Loyal Customer
14233,344,Loyal Customer
12882,534,Big Spender
15983,444,Loyal Customer
14875,234,Big Spender
16016,554,Loyal Customer
17590,534,Big Spender
15128,344,Loyal Customer
14963,544,Loyal Customer
14246,244,Loyal Customer
12826,554,Loyal Customer
16755,244,Loyal Customer
14403,244,Loyal Customer
14878,554,Loyal Customer
18016,344,Loyal Customer
16395,344,Loyal Customer
14758,244,Loyal Customer
17553,214,Big Spender
13692,434,Big Spender
13110,454,Loyal Customer
15057,124,Big Spender
16880,454,Loyal Customer
17002,244,Loyal Customer
14414,254,Loyal Customer
15530,444,Loyal Customer
16279,434,Big Spender
15916,454,Loyal Customer
12937,444,Loyal Customer
15265,224,Big Spender
16910,554,Loyal Customer
16434,454,Loyal Customer
16053,434,Big Spender
16748,444,Loyal Customer
13791,234,Big Spender
14267,244,Loyal Customer
13764,344,Loyal Customer
13213,344,Loyal Customer
16066,444,Loyal Customer
16244,124,Big Spender
15701,544,Loyal Customer
14567,334,Big Spender
14321,544,Loyal Customer
12759,344,Loyal Customer
13107,344,Loyal Customer
13320,244,Loyal Customer
15625,244,Loyal Customer
17837,354,Loyal Customer
15392,544,Loyal Customer
12877,554,Loyal Customer
13849,334,Big Spender
17159,434,Big Spender
16365,454,Loyal Customer
12818,124,Big Spender
16369,434,Big Spender
13397,244,Loyal Customer
16790,554,Loyal Customer
14229,344,Loyal Customer
13634,344,Loyal Customer
15117,444,Loyal Customer
15620,344,Loyal Customer
15532,444,Loyal Customer
13313,444,Loyal Customer
16394,344,Loyal Customer
14038,244,Loyal Customer
18239,144,Loyal Customer
17085,244,Loyal Customer
13659,124,Big Spender
17204,244,Loyal Customer
15111,434,Big Spender
15906,454,Loyal Customer
12865,434,Big Spender
16283,544,Loyal Customer
17671,444,Loyal Customer
13186,334,Big Spender
16889,144,Loyal Customer
13814,234,Big Spender
12607,314,Big Spender
14178,554,Loyal Customer
14587,454,Loyal Customer
14719,544,Loyal Customer
12393,244,Loyal Customer
16332,454,Loyal Customer
13614,444,Loyal Customer
14442,124,Big Spender
18178,244,Loyal Customer
15611,554,Loyal Customer
14970,344,Loyal Customer
16676,344,Loyal Customer
16801,244,Loyal Customer
17673,554,Loyal Customer
13850,214,Big Spender
16466,354,Loyal Customer
16496,534,Big Spender
15660,454,Loyal Customer
12783,544,Loyal Customer
12947,254,Loyal Customer
16817,554,Loyal Customer
12868,154,Loyal Customer
12669,224,Big Spender
14918,234,Big Spender
14312,354,Loyal Customer
15791,334,Big Spender
16992,544,Loyal Customer
14336,444,Loyal Customer
16987,554,Loyal Customer
18161,444,Loyal Customer
17101,544,Loyal Customer
14937,344,Loyal Customer
15172,544,Loyal Customer
16515,344,Loyal Customer
13425,244,Loyal Customer
14759,534,Big Spender
12377,124,Big Spender
14164,334,Big Spender
15122,244,Loyal Customer
12398,314,Big Spender
15024,554,Loyal Customer
13627,344,Loyal Customer
14573,254,Loyal Customer
15002,244,Loyal Customer
12657,544,Loyal Customer
13012,554,Loyal Customer
13750,344,Loyal Customer
17284,354,Loyal Customer
13647,544,Loyal Customer
14837,244,Loyal Customer
16711,544,Loyal Customer
16813,554,Loyal Customer
15826,344,Loyal Customer
15953,454,Loyal Customer
14045,244,Loyal Customer
16115,554,Loyal Customer
12967,124,Big Spender
15332,144,Loyal Customer
15214,554,Loyal Customer
12530,344,Loyal Customer
12912,544,Loyal Customer
17754,544,Loyal Customer
12352,354,Loyal Customer
13184,454,Loyal Customer
17656,244,Loyal Customer
13149,444,Loyal Customer
15549,244,Loyal Customer
16638,454,Loyal Customer
17282,244,Loyal Customer
13577,444,Loyal Customer
13162,244,Loyal Customer
12635,234,Big Spender
17152,144,Loyal Customer
15380,544,Loyal Customer
16775,554,Loyal Customer
16671,434,Big Spender
16791,454,Loyal Customer
14245,124,Big Spender
16007,344,Loyal Customer
12764,124,Big Spender
17750,554,Loyal Customer
17813,444,Loyal Customer
13824,444,Loyal Customer
17193,354,Loyal Customer
12843,354,Loyal Customer
16398,224,Big Spender
15240,344,Loyal Customer
16902,214,Big Spender
12407,344,Loyal Customer
15947,214,Big Spender
12405,214,Big Spender
14441,544,Loyal Customer
17147,444,Loyal Customer
13763,314,Big Spender
17162,454,Loyal Customer
15267,444,Loyal Customer
17873,244,Loyal Customer
14834,454,Loyal Customer
17451,554,Loyal Customer
14387,334,Big Spender
17043,444,Loyal Customer
14673,544,Loyal Customer
15050,434,Big Spender
17457,244,Loyal Customer
17353,234,Big Spender
17930,344,Loyal Customer
14595,454,Loyal Customer
13157,344,Loyal Customer
16380,314,Big Spender
15950,444,Loyal Customer
15067,244,Loyal Customer
13808,544,Loyal Customer
16359,554,Loyal Customer
15241,354,Loyal Customer
12349,414,Big Spender
12823,244,Loyal Customer
12424,224,Big Spender
16751,414,Big Spender
13456,454,Loyal Customer
16719,454,Loyal Customer
16681,254,Loyal Customer
15473,454,Loyal Customer
15594,444,Loyal Customer
17092,344,Loyal Customer
12645,344,Loyal Customer
15220,354,Loyal Customer
14935,124,Big Spender
14608,544,Loyal Customer
13875,344,Loyal Customer
14621,544,Loyal Customer
14215,554,Loyal Customer
12523,454,Loyal Customer
13510,544,Loyal Customer
18122,554,Loyal Customer
18179,554,Loyal Customer
13134,244,Loyal Customer
18235,344,Loyal Customer
12348,244,Loyal Customer
17648,344,Loyal Customer
13196,544,Loyal Customer
13562,244,Loyal Customer
16249,344,Loyal Customer
15812,244,Loyal Customer
17663,454,Loyal Customer
13481,344,Loyal Customer
16474,554,Loyal Customer
15260,254,Loyal Customer
17629,554,Loyal Customer
17787,244,Loyal Customer
13048,444,Loyal Customer
17828,444,Loyal Customer
16169,544,Loyal Customer
13421,334,Big Spender
17705,554,Loyal Customer
16153,344,Loyal Customer
17702,444,Loyal Customer
15203,454,Loyal Customer
16152,124,Big Spender
14665,344,Loyal Customer
15827,254,Loyal Customer
13650,454,Loyal Customer
18287,334,Big Spender
14459,214,Big Spender
17015,434,Big Spender
13924,554,Loyal Customer
14216,544,Loyal Customer
14113,544,Loyal Customer
16455,354,Loyal Customer
16102,334,Big Spender
12950,534,Big Spender
18180,554,Loyal Customer
14524,454,Loyal Customer
17519,454,Loyal Customer
12381,544,Loyal Customer
12383,144,Loyal Customer
16979,554,Loyal Customer
14472,254,Loyal Customer
17293,554,Loyal Customer
12963,554,Loyal Customer
14305,244,Loyal Customer
12423,554,Loyal Customer
14887,214,Big Spender
16201,544,Loyal Customer
16426,554,Loyal Customer
17870,554,Loyal Customer
16841,354,Loyal Customer
17469,444,Loyal Customer
15021,554,Loyal Customer
13982,344,Loyal Customer
16986,434,Big Spender
17463,444,Loyal Customer
15367,344,Loyal Customer
17368,454,Loyal Customer
17738,444,Loyal Customer
16128,444,Loyal Customer
13890,554,Loyal Customer
16170,354,Loyal Customer
15641,244,Loyal Customer
12371,334,Big Spender
14934,234,Big Spender
14730,554,Loyal Customer
12762,534,Big Spender
14250,534,Big Spender
16942,554,Loyal Customer
15819,344,Loyal Customer
14210,254,Loyal Customer
16983,554,Loyal Customer
17228,454,Loyal Customer
14285,444,Loyal Customer
14653,554,Loyal Customer
14978,244,Loyal Customer
15518,354,Loyal Customer
13094,454,Loyal Customer
14655,544,Loyal Customer
12528,554,Loyal Customer
15351,554,Loyal Customer
15157,534,Big Spender
15864,454,Loyal Customer
14418,534,Big Spender
15814,444,Loyal Customer
14533,454,Loyal Customer
17218,554,Loyal Customer
17554,544,Loyal Customer
15493,344,Loyal Customer
12853,254,Loyal Customer
14498,344,Loyal Customer
14506,444,Loyal Customer
13246,454,Loyal Customer
17997,254,Loyal Customer
17790,454,Loyal Customer
12674,344,Loyal Customer
16341,444,Loyal Customer
15531,534,Big Spender
17090,554,Loyal Customer
18204,344,Loyal Customer
14462,354,Loyal Customer
17422,454,Loyal Customer
17337,244,Loyal Customer
13725,354,Loyal Customer
13590,554,Loyal Customer
17827,544,Loyal Customer
17088,444,Loyal Customer
17679,334,Big Spender
16698,124,Big Spender
13305,554,Loyal Customer
18188,434,Big Spender
16754,124,Big Spender
17082,334,Big Spender
14544,434,Big Spender
14217,554,Loyal Customer
16098,254,Loyal Customer
15372,214,Big Spender
18069,444,Loyal Customer
13593,244,Loyal Customer
17625,444,Loyal Customer
15341,214,Big Spender
14482,454,Loyal Customer
16409,344,Loyal Customer
16358,544,Loyal Customer
13630,554,Loyal Customer
18283,554,Loyal Customer
12585,124,Big Spender
14001,334,Big Spender
13450,454,Loyal Customer
17597,124,Big Spender
13495,544,Loyal Customer
14232,344,Loyal Customer
17612,354,Loyal Customer
17086,554,Loyal Customer
16150,345,Loyal Customer
14188,455,Loyal Customer
17667,345,Loyal Customer
12518,545,Loyal Customer
14409,255,Loyal Customer
16281,215,Big Spender
12928,345,Loyal Customer
12948,455,Loyal Customer
18219,555,Champion
18231,145,Loyal Customer
18241,555,Champion
14209,555,Champion
14515,455,Loyal Customer
14696,555,Champion
16407,555,Champion
17768,535,Big Spender
16954,555,Champion
14810,355,Loyal Customer
18044,555,Champion
13571,555,Champion
13297,545,Loyal Customer
17490,555,Champion
13265,345,Loyal Customer
14306,335,Big Spender
17191,455,Loyal Customer
16875,345,Loyal Customer
17400,245,Loyal Customer
17861,555,Champion
12610,445,Loyal Customer
13126,555,Champion
15815,345,Loyal Customer
15058,455,Loyal Customer
14461,245,Loyal Customer
18093,245,Loyal Customer
18173,245,Loyal Customer
14640,455,Loyal Customer
13755,555,Champion
15674,245,Loyal Customer
14691,445,Loyal Customer
18008,355,Loyal Customer
14360,445,Loyal Customer
13632,445,Loyal Customer
18061,455,Loyal Customer
13517,345,Loyal Customer
12560,535,Big Spender
14828,145,Loyal Customer
17272,345,Loyal Customer
17940,355,Loyal Customer
13224,335,Big Spender
16966,555,Champion
16379,545,Loyal Customer
14407,255,Loyal Customer
16456,245,Loyal Customer
12935,555,Champion
12633,345,Loyal Customer
14341,355,Loyal Customer
12501,125,Big Spender
12856,555,Champion
12909,345,Loyal Customer
15394,545,Loyal Customer
17406,145,Loyal Customer
16628,445,Loyal Customer
15797,245,Loyal Customer
14700,435,Big Spender
13831,455,Loyal Customer
15123,535,Big Spender
17591,255,Loyal Customer
15179,445,Loyal Customer
13862,455,Loyal Customer
12653,225,Big Spender
15722,345,Loyal Customer
16743,455,Loyal Customer
14226,445,Loyal Customer
12876,335,Big Spender
15811,455,Loyal Customer
14825,555,Champion
15665,225,Big Spender
15834,345,Loyal Customer
13365,335,Big Spender
16771,345,Loyal Customer
18242,245,Loyal Customer
16076,555,Champion
14560,555,Champion
14211,355,Loyal Customer
13527,355,Loyal Customer
16735,245,Loyal Customer
15235,155,Loyal Customer
14432,555,Champion
17442,355,Loyal Customer
13700,455,Loyal Customer
16293,455,Loyal Customer
12684,555,Champion
16209,245,Loyal Customer
16057,455,Loyal Customer
16782,555,Champion
14466,455,Loyal Customer
13317,355,Loyal Customer
13994,555,Champion
14554,545,Loyal Customer
17696,355,Loyal Customer
12615,545,Loyal Customer
15704,245,Loyal Customer
13115,545,Loyal Customer
15105,455,Loyal Customer
16550,245,Loyal Customer
15288,345,Loyal Customer
13704,555,Champion
17954,555,Champion
15365,455,Loyal Customer
14290,545,Loyal Customer
17211,455,Loyal Customer
13908,245,Loyal Customer
17744,555,Champion
17313,415,Big Spender
15785,445,Loyal Customer
12782,545,Loyal Customer
15281,355,Loyal Customer
18257,355,Loyal Customer
12584,555,Champion
18259,435,Big Spender
12704,555,Champion
14309,555,Champion
15140,355,Loyal Customer
14440,545,Loyal Customer
17634,355,Loyal Customer
14030,455,Loyal Customer
17530,555,Champion
14930,245,Loyal Customer
12457,355,Loyal Customer
15755,555,Champion
17434,555,Champion
13722,245,Loyal Customer
15270,455,Loyal Customer
14239,355,Loyal Customer
14493,545,Loyal Customer
15370,355,Loyal Customer
13141,245,Loyal Customer
18065,555,Champion
15980,245,Loyal Customer
17589,345,Loyal Customer
12397,335,Big Spender
15373,555,Champion
15089,555,Champion
17722,245,Loyal Customer
16143,555,Champion
14502,455,Loyal Customer
13949,555,Champion
15527,455,Loyal Customer
17071,455,Loyal Customer
14163,245,Loyal Customer
13975,455,Loyal Customer
13784,555,Champion
15750,555,Champion
17131,545,Loyal Customer
12455,255,Loyal Customer
17164,455,Loyal Customer
16710,455,Loyal Customer
14766,555,Champion
17188,555,Champion
17682,555,Champion
13588,455,Loyal Customer
13507,545,Loyal Customer
14315,355,Loyal Customer
12517,445,Loyal Customer
12913,545,Loyal Customer
12483,455,Loyal Customer
15271,555,Champion
16477,355,Loyal Customer
15932,555,Champion
13471,545,Loyal Customer
13695,455,Loyal Customer
13344,345,Loyal Customer
15245,245,Loyal Customer
17449,555,Champion
13394,555,Champion
14701,555,Champion
17314,455,Loyal Customer
14659,555,Champion
15572,555,Champion
17700,445,Loyal Customer
14776,355,Loyal Customer
14676,455,Loyal Customer
14334,455,Loyal Customer
15033,555,Champion
16912,455,Loyal Customer
16308,345,Loyal Customer
15485,435,Big Spender
18245,555,Champion
14546,545,Loyal Customer
13911,355,Loyal Customer
18077,555,Champion
13804,455,Loyal Customer
14243,555,Champion
16241,555,Champion
16919,255,Loyal Customer
13895,445,Loyal Customer
14408,555,Champion
12600,455,Loyal Customer
17965,355,Loyal Customer
17317,335,Big Spender
13983,455,Loyal Customer
13136,345,Loyal Customer
12726,455,Loyal Customer
12836,345,Loyal Customer
18075,455,Loyal Customer
14397,555,Champion
15782,535,Big Spender
13021,555,Champion
14262,555,Champion
16255,455,Loyal Customer
18210,555,Champion
17346,555,Champion
13644,445,Loyal Customer
13422,315,Big Spender
15752,355,Loyal Customer
18260,255,Loyal Customer
17402,555,Champion
12520,245,Loyal Customer
13771,345,Loyal Customer
17655,555,Champion
13658,545,Loyal Customer
16618,445,Loyal Customer
13851,245,Loyal Customer
12721,455,Loyal Customer
15671,455,Loyal Customer
14439,125,Big Spender
12360,345,Loyal Customer
14713,555,Champion
18097,555,Champion
13883,545,Loyal Customer
12625,125,Big Spender
17386,555,Champion
14732,555,Champion
14107,355,Loyal Customer
13654,355,Loyal Customer
15796,555,Champion
13285,445,Loyal Customer
17069,455,Loyal Customer
15696,355,Loyal Customer
16938,545,Loyal Customer
12708,455,Loyal Customer
15356,455,Loyal Customer
14808,355,Loyal Customer
14125,535,Big Spender
17838,445,Loyal Customer
12380,445,Loyal Customer
15673,245,Loyal Customer
12840,245,Loyal Customer
16003,445,Loyal Customer
13174,435,Big Spender
14854,255,Loyal Customer
17084,335,Big Spender
15321,345,Loyal Customer
13230,555,Champion
13971,455,Loyal Customer
15114,455,Loyal Customer
15993,555,Champion
13870,555,Champion
14121,545,Loyal Customer
15984,555,Champion
12388,455,Loyal Customer
17213,355,Loyal Customer
16764,555,Champion
14626,445,Loyal Customer
17739,555,Champion
12758,235,Big Spender
12578,435,Big Spender
14903,445,Loyal Customer
13769,555,Champion
16081,345,Loyal Customer
14572,555,Champion
17596,455,Loyal Customer
16928,255,Loyal Customer
18230,555,Champion
12356,435,Big Spender
16871,455,Loyal Customer
14842,345,Loyal Customer
14852,355,Loyal Customer
14711,555,Champion
14535,345,Loyal Customer
18145,545,Loyal Customer
14530,455,Loyal Customer
12685,455,Loyal Customer
13901,245,Loyal Customer
15628,555,Champion
12473,345,Loyal Customer
14005,545,Loyal Customer
17728,535,Big Spender
14251,545,Loyal Customer
16633,455,Loyal Customer
13735,445,Loyal Customer
12408,445,Loyal Customer
18144,555,Champion
17644,555,Champion
13451,445,Loyal Customer
12438,435,Big Spender
14112,455,Loyal Customer
12906,545,Loyal Customer
15606,355,Loyal Customer
17512,455,Loyal Customer
16316,355,Loyal Customer
17444,245,Loyal Customer
12916,245,Loyal Customer
14565,245,Loyal Customer
14868,555,Champion
16686,355,Loyal Customer
17924,555,Champion
16497,355,Loyal Customer
15854,555,Champion
14032,555,Champion
14639,355,Loyal Customer
15687,555,Champion
14307,255,Loyal Customer
12670,545,Loyal Customer
17504,155,Loyal Customer
17659,455,Loyal Customer
15521,355,Loyal Customer
12754,145,Loyal Customer
14456,555,Champion
18094,255,Loyal Customer
12395,455,Loyal Customer
12598,555,Champion
16709,245,Loyal Customer
16905,555,Champion
17799,455,Loyal Customer
16326,555,Champion
16393,555,Champion
16940,345,Loyal Customer
13631,255,Loyal Customer
12910,455,Loyal Customer
18272,555,Champion
15998,345,Loyal Customer
17059,445,Loyal Customer
13869,245,Loyal Customer
16218,455,Loyal Customer
13362,545,Loyal Customer
16156,555,Champion
13135,125,Big Spender
14257,345,Loyal Customer
15491,255,Loyal Customer
14099,455,Loyal Customer
13742,455,Loyal Customer
16678,555,Champion
13685,555,Champion
17231,555,Champion
14235,245,Loyal Customer
15861,555,Champion
13268,455,Loyal Customer
17685,455,Loyal Customer
15065,345,Loyal Customer
17863,355,Loyal Customer
16041,435,Big Spender
16837,455,Loyal Customer
17672,335,Big Spender
12456,335,Big Spender
17050,255,Loyal Customer
17220,455,Loyal Customer
14844,345,Loyal Customer
13758,555,Champion
13868,535,Big Spender
18087,125,Big Spender
16107,455,Loyal Customer
14388,555,Champion
15443,555,Champion
13880,455,Loyal Customer
14175,345,Loyal Customer
13047,355,Loyal Customer
15708,355,Loyal Customer
13952,125,Big Spender
12619,455,Loyal Customer
14702,555,Champion
17723,255,Loyal Customer
15764,255,Loyal Customer
12480,445,Loyal Customer
15632,455,Loyal Customer
14841,355,Loyal Customer
13373,345,Loyal Customer
16556,355,Loyal Customer
12594,355,Loyal Customer
13015,345,Loyal Customer
12613,345,Loyal Customer
12643,255,Loyal Customer
17183,555,Champion
16607,455,Loyal Customer
16818,555,Champion
14227,455,Loyal Customer
16011,555,Champion
13842,355,Loyal Customer
15228,345,Loyal Customer
13198,555,Champion
17669,355,Loyal Customer
13437,455,Loyal Customer
17758,455,Loyal Customer
15981,455,Loyal Customer
12406,435,Big Spender
14221,355,Loyal Customer
15676,435,Big Spender
17725,455,Loyal Customer
15974,355,Loyal Customer
13536,555,Champion
15129,355,Loyal Customer
16360,555,Champion
15410,255,Loyal Customer
13014,555,Champion
13993,355,Loyal Customer
14395,555,Champion
16458,555,Champion
14907,555,Champion
13334,245,Loyal Customer
16131,355,Loyal Customer
15113,535,Big Spender
13953,555,Champion
17160,455,Loyal Customer
12454,315,Big Spender
13448,455,Loyal Customer
12370,345,Loyal Customer
14503,555,Champion
15544,555,Champion
17491,555,Champion
17203,355,Loyal Customer
14040,355,Loyal Customer
17576,555,Champion
14543,455,Loyal Customer
16242,555,Champion
14132,555,Champion
15484,545,Loyal Customer
13137,555,Champion
16712,555,Champion
15505,345,Loyal Customer
18079,345,Loyal Customer
13082,255,Loyal Customer
13520,355,Loyal Customer
13327,355,Loyal Customer
17528,555,Champion
16904,555,Champion
17230,155,Loyal Customer
13381,455,Loyal Customer
16440,545,Loyal Customer
13426,555,Champion
12417,555,Champion
15808,145,Loyal Customer
15296,355,Loyal Customer
13148,455,Loyal Customer
16253,335,Big Spender
12553,555,Champion
14282,555,Champion
15379,255,Loyal Customer
17819,355,Loyal Customer
15622,355,Loyal Customer
15845,455,Loyal Customer
14364,255,Loyal Customer
16240,435,Big Spender
17238,555,Champion
13680,545,Loyal Customer
12647,455,Loyal Customer
12502,245,Loyal Customer
16570,455,Loyal Customer
13552,355,Loyal Customer
14145,345,Loyal Customer
12429,545,Loyal Customer
13124,245,Loyal Customer
17173,555,Champion
12562,555,Champion
16019,355,Loyal Customer
16168,555,Champion
16655,455,Loyal Customer
16327,455,Loyal Customer
16145,555,Champion
15867,555,Champion
12668,545,Loyal Customer
13435,555,Champion
12597,445,Loyal Customer
12755,125,Big Spender
17091,555,Champion
13266,555,Champion
16717,455,Loyal Customer
12662,555,Champion
18073,255,Loyal Customer
15195,515,Big Spender
14291,555,Champion
13999,555,Champion
14739,555,Champion
15299,355,Loyal Customer
17593,545,Loyal Customer
17651,555,Champion
17769,555,Champion
13183,555,Champion
15529,455,Loyal Customer
17611,555,Champion
13523,345,Loyal Customer
14299,555,Champion
14547,555,Champion
12727,555,Champion
12779,355,Loyal Customer
15416,345,Loyal Customer
17001,555,Champion
12841,555,Champion
16186,455,Loyal Customer
12378,215,Big Spender
12867,455,Loyal Customer
12957,555,Champion
15514,555,Champion
13815,445,Loyal Customer
16549,555,Champion
12749,545,Loyal Customer
12656,445,Loyal Customer
14401,555,Champion
17377,455,Loyal Customer
12449,445,Loyal Customer
14092,555,Champion
16670,455,Loyal Customer
18041,555,Champion
16401,555,Champion
13555,245,Loyal Customer
17920,555,Champion
16592,555,Champion
12569,555,Champion
13988,455,Loyal Customer
15570,555,Champion
13384,455,Loyal Customer
12949,455,Loyal Customer
14277,435,Big Spender
14146,545,Loyal Customer
12747,555,Champion
15971,455,Loyal Customer
15804,555,Champion
14525,455,Loyal Customer
17419,555,Champion
12757,455,Loyal Customer
12500,455,Loyal Customer
14422,555,Champion
15034,455,Loyal Customer
12536,315,Big Spender
14016,245,Loyal Customer
17937,555,Champion
12347,555,Champion
18251,215,Big Spender
17567,555,Champion
14800,355,Loyal Customer
16945,455,Loyal Customer
12752,215,Big Spender
13505,245,Loyal Customer
14534,555,Champion
12712,455,Loyal Customer
15874,355,Loyal Customer
16626,555,Champion
15955,455,Loyal Customer
14085,555,Champion
13069,555,Champion
16984,235,Big Spender
17364,555,Champion
12627,555,Champion
17975,455,Loyal Customer
14426,455,Loyal Customer
12524,555,Champion
13267,555,Champion
12484,455,Loyal Customer
17613,455,Loyal Customer
17068,555,Champion
16931,555,Champion
14004,355,Loyal Customer
15093,455,Loyal Customer
13802,245,Loyal Customer
15291,455,Loyal Customer
14159,455,Loyal Customer
14286,435,Big Spender
14390,555,Champion
14189,555,Champion
14191,555,Champion
14135,555,Champion
12714,545,Loyal Customer
17690,455,Loyal Customer
16722,455,Loyal Customer
15152,555,Champion
14180,555,Champion
12955,555,Champion
17365,555,Champion
15187,555,Champion
15555,555,Champion
15298,555,Champion
13013,555,Champion
15738,455,Loyal Customer
17652,455,Loyal Customer
14292,555,Champion
12688,215,Big Spender
12664,555,Champion
17133,455,Loyal Customer
15547,555,Champion
15786,335,Big Spender
14709,455,Loyal Customer
12700,545,Loyal Customer
12437,555,Champion
15032,145,Loyal Customer
14329,455,Loyal Customer
12444,445,Loyal Customer
14562,555,Champion
14755,555,Champion
15719,455,Loyal Customer
17426,555,Champion
15301,355,Loyal Customer
17602,555,Champion
12432,345,Loyal Customer
13139,455,Loyal Customer
15046,555,Champion
16700,555,Champion
13941,445,Loyal Customer
15903,555,Champion
17858,555,Champion
13599,555,Champion
15727,455,Loyal Customer
16191,555,Champion
13756,555,Champion
16258,345,Loyal Customer
12362,555,Champion
18226,355,Loyal Customer
17061,255,Loyal Customer
15150,455,Loyal Customer
17730,555,Champion
13269,555,Champion
16265,555,Champion
16303,435,Big Spender
17850,155,Loyal Customer
17719,355,Loyal Customer
16701,555,Champion
17809,455,Loyal Customer
12490,555,Champion
18198,555,Champion
16985,455,Loyal Customer
15805,455,Loyal Customer
16609,455,Loyal Customer
18225,555,Champion
16161,555,Champion
12539,445,Loyal Customer
16767,455,Loyal Customer
14049,445,Loyal Customer
14688,555,Champion
12481,455,Loyal Customer
17757,555,Champion
12839,555,Champion
18118,555,Champion
17049,555,Champion
13004,555,Champion
17716,455,Loyal Customer
14110,555,Champion
13468,555,Champion
16553,255,Loyal Customer
13178,455,Loyal Customer
13316,345,Loyal Customer
17686,555,Champion
15218,555,Champion
12720,555,Champion
13050,555,Champion
14415,555,Champion
14505,455,Loyal Customer
13534,555,Champion
13209,455,Loyal Customer
14944,455,Loyal Customer
15382,455,Loyal Customer
14101,255,Loyal Customer
12637,355,Loyal Customer
13097,355,Loyal Customer
14735,555,Champion
17509,355,Loyal Customer
15939,255,Loyal Customer
13418,555,Champion
14060,555,Champion
12357,315,Big Spender
14057,455,Loyal Customer
17315,555,Champion
16126,445,Loyal Customer
15005,455,Loyal Customer
13709,555,Champion
13668,555,Champion
12359,345,Loyal Customer
13871,455,Loyal Customer
16814,455,Loyal Customer
12431,355,Loyal Customer
13102,555,Champion
13225,555,Champion
15694,555,Champion
18223,555,Champion
17338,455,Loyal Customer
12472,455,Loyal Customer
15144,555,Champion
16182,245,Loyal Customer
12626,455,Loyal Customer
16353,555,Champion
16746,555,Champion
15249,455,Loyal Customer
15023,555,Champion
13576,555,Champion
16532,435,Big Spender
18055,555,Champion
16652,355,Loyal Customer
15601,555,Champion
12830,355,Loyal Customer
12476,455,Loyal Customer
12705,455,Loyal Customer
17416,455,Loyal Customer
16713,455,Loyal Customer
16187,455,Loyal Customer
13027,255,Loyal Customer
15502,455,Loyal Customer
12989,555,Champion
12798,535,Big Spender
12766,555,Champion
14961,555,Champion
13985,555,Champion
16923,555,Champion
13324,355,Loyal Customer
16873,555,Champion
16745,255,Loyal Customer
16729,355,Loyal Customer
18229,555,Champion
13018,455,Loyal Customer
12583,555,Champion
17396,355,Loyal Customer
12474,455,Loyal Customer
15465,455,Loyal Customer
12980,255,Loyal Customer
12428,455,Loyal Customer
13263,555,Champion
18172,455,Loyal Customer
15194,555,Champion
15044,455,Loyal Customer
17811,555,Champion
13629,455,Loyal Customer
12435,235,Big Spender
13093,155,Loyal Customer
14849,455,Loyal Customer
15290,555,Champion
14796,555,Champion
18109,555,Champion
14952,355,Loyal Customer
13854,555,Champion
16672,555,Champion
14936,355,Loyal Customer
14056,555,Champion
16558,555,Champion
15358,555,Champion
18139,455,Loyal Customer
12683,555,Champion
14527,555,Champion
17243,555,Champion
16656,455,Loyal Customer
17306,555,Champion
17017,555,Champion
16033,555,Champion
13090,555,Champion
13488,455,Loyal Customer
13969,555,Champion
12451,545,Loyal Customer
18092,555,Champion
12744,345,Loyal Customer
14667,555,Champion
14367,555,Champion
12567,455,Loyal Customer
16523,555,Champion
14733,455,Loyal Customer
13458,555,Champion
12709,455,Loyal Customer
15078,555,Champion
13001,555,Champion
13199,555,Champion
12590,125,Big Spender
16843,355,Loyal Customer
16180,255,Loyal Customer
15615,555,Champion
14769,555,Champion
14062,555,Champion
15251,555,Champion
17706,555,Champion
17865,455,Loyal Customer
16779,555,Champion
17139,455,Loyal Customer
13340,355,Loyal Customer
17107,355,Loyal Customer
15482,455,Loyal Customer
13319,555,Champion
17581,555,Champion
12409,245,Loyal Customer
14895,555,Champion
12971,555,Champion
14194,555,Champion
15125,455,Loyal Customer
12939,355,Loyal Customer
12557,445,Loyal Customer
14606,555,Champion
13113,555,Champion
12682,555,Champion
17340,455,Loyal Customer
16000,535,Big Spender
15640,555,Champion
13078,555,Champion
14258,555,Champion
16525,555,Champion
17735,555,Champion
12477,455,Loyal Customer
15498,555,Champion
12433,555,Champion
12540,455,Loyal Customer
12621,555,Champion
12681,455,Loyal Customer
16705,555,Champion
14866,555,Champion
16133,555,Champion
15513,355,Loyal Customer
14607,455,Loyal Customer
14051,555,Champion
15856,555,Champion
15189,555,Champion
17677,555,Champion
12921,555,Champion
16839,555,Champion
13881,555,Champion
13767,555,Champion
17428,555,Champion
14031,555,Champion
12678,355,Loyal Customer
12901,555,Champion
15159,555,Champion
12731,455,Loyal Customer
12471,555,Champion
15039,555,Champion
17381,555,Champion
17675,555,Champion
16210,555,Champion
12753,455,Loyal Customer
17857,555,Champion
13777,555,Champion
16333,555,Champion
13408,555,Champion
13081,555,Champion
14680,455,Loyal Customer
13098,555,Champion
12748,555,Champion
17389,555,Champion
17404,555,Champion
15838,555,Champion
16422,455,Loyal Customer
16013,555,Champion
13798,555,Champion
15098,145,Loyal Customer
17841,555,Champion
12931,455,Loyal Customer
15749,145,Loyal Customer
14088,555,Champion
14298,555,Champion
14096,555,Champion
15061,555,Champion
15769,555,Champion
17949,555,Champion
13089,555,Champion
15311,555,Champion
13694,555,Champion
16684,555,Champion
12346,125,Big Spender
16029,355,Loyal Customer
17511,555,Champion
14156,555,Champion
12415,455,Loyal Customer
14911,555,Champion
16446,535,Big Spender
17450,555,Champion
18102,555,Champion
14646,555,Champion
